date,garch_resids
2008-01-08,-2.9041992903949465
2008-01-09,-2.730589077364943
2008-01-14,-2.011704675818549
2008-01-15,-2.6290837884483906
2008-01-16,-0.26850911848764225
2008-01-21,8.097783819775135
2008-01-22,3.518806008085231
2008-01-23,-5.619726919001131
2008-01-28,-5.580243477295724
2008-01-29,-4.259379059965324
2008-01-30,-3.510552163014621
2008-02-04,-4.079986399797185
2008-02-05,-4.413360936859089
2008-02-06,-1.1821560486532032
2008-02-11,1.821760911479184
2008-02-12,-1.2801333811708924
2008-02-13,-4.132276346226484
2008-02-18,1.6910192806276774
2008-02-19,-3.308781660337404
2008-02-20,-1.3314978352867004
2008-02-25,-1.1067320574192645
2008-02-26,-2.13259050214644
2008-02-27,-2.70388369516149
2008-03-03,1.6886326766103585
2008-03-04,-0.964232098980053
2008-03-05,-2.538880465535419
2008-03-10,0.08873250423627077
2008-03-11,-1.214501443887296
2008-03-12,-2.585800455719713
2008-03-17,1.9766823581507187
2008-03-18,-1.928575369671587
2008-03-19,-2.3550341681225273
2008-03-24,-0.988954449526489
2008-03-25,-1.052355000197141
2008-03-26,-1.3275311476337817
2008-03-31,0.193125799107007
2008-04-01,-2.3230601708614778
2008-04-02,0.04607725757731318
2008-04-07,0.2178652506828458
2008-04-08,-1.8414065889718405
2008-04-09,-1.066522093459344
2008-04-14,-0.7073165826375676
2008-04-15,-0.6147715758606935
2008-04-16,-0.38858998155699
2008-04-21,-1.4471424416898686
2008-04-22,-0.8324058888290695
2008-04-23,-0.708014965536911
2008-04-28,0.27968802969704654
2008-04-29,0.5261858435766502
2008-04-30,-0.67914098298658
2008-05-05,-0.6775987000058685
2008-05-06,-0.007959281048322664
2008-05-07,0.38288297102984314
2008-05-12,0.20335165916842257
2008-05-13,0.17742608525489945
2008-05-14,-1.0305799738408792
2008-05-19,0.38827878175790964
2008-05-20,-0.842917463651363
2008-05-21,-1.3002607078566832
2008-05-26,0.007864788724350591
2008-05-27,-0.6632848157012838
2008-05-28,-1.090858644613857
2008-06-02,-0.9202253597361978
2008-06-03,-0.9618706734116731
2008-06-04,0.5903854673102527
2008-06-09,0.013465999557007668
2008-06-10,-0.7514241066943307
2008-06-11,-0.12969272898270767
2008-06-16,0.014125064194401515
2008-06-17,-0.6956914956380338
2008-06-18,-0.507065233829852
2008-06-23,-0.781072322161637
2008-06-24,-0.2783852664464892
2008-06-25,0.6143479826055359
2008-06-30,1.1522761091754095
2008-07-01,-0.9448238265818376
2008-07-02,-0.523500607670851
2008-07-07,-0.8874435130916141
2008-07-08,1.1748117271231169
2008-07-09,1.3817071997012422
2008-07-14,-0.7106643090967171
2008-07-15,2.4289798982743456
2008-07-16,-0.6907826118935625
2008-07-21,-0.033118582068357494
2008-07-22,-2.3277277760404793
2008-07-23,-1.8659399224348228
2008-07-28,0.9876780151338913
2008-07-29,-2.316819830063228
2008-07-30,-1.9856575775637806
2008-08-04,0.9957078250911771
2008-08-05,-1.7942513836352374
2008-08-06,-1.7057537550614597
2008-08-11,2.463803063270177
2008-08-12,-1.348000106961035
2008-08-13,-2.4403000577934018
2008-08-18,0.1410510028845846
2008-08-19,-2.2143037153641307
2008-08-20,-1.7223062771164037
2008-08-25,3.31584255912087
2008-08-26,-1.8671618228406182
2008-08-27,-0.7089720605834735
2008-09-01,-0.12593867746054266
2008-09-02,-0.10229933061166818
2008-09-03,-1.074052949103362
2008-09-08,1.1680227401179413
2008-09-09,0.15357090076312252
2008-09-10,-0.8288081548437938
2008-09-15,9.2196910775644
2008-09-16,-5.4094330616554736
2008-09-17,-2.712997116533389
2008-09-22,-4.046632241395716
2008-09-24,0.05784549902051683
2008-10-06,0.8042337190564508
2008-10-07,1.6145791941781527
2008-10-08,-4.94561700977082
2008-10-13,-1.6690963629513895
2008-10-14,1.9897659165163075
2008-10-15,-4.404270902441794
2008-10-20,3.874675194278563
2008-10-21,-4.060742344329267
2008-10-22,-1.3480179961833532
2008-10-27,9.041922665666391
2008-10-28,-1.6687436487016
2008-10-29,-5.89333603930564
2008-11-03,-0.677567954196431
2008-11-04,-4.276636156098943
2008-11-05,-5.617140054772578
2008-11-10,0.06507907887890596
2008-11-11,-0.7155227128491326
2008-11-12,-4.840610164938954
2008-11-17,0.4517820734472817
2008-11-18,-2.094234460057006
2008-11-19,-4.065300844221378
2008-11-24,2.1591509309599255
2008-11-25,-5.600947146004217
2008-11-26,-4.094779180874632
2008-12-01,3.3096359213626663
2008-12-02,0.40928237632632314
2008-12-03,-3.2587463254620435
2008-12-15,-0.6233829252118364
2008-12-16,-3.8186226624438246
2008-12-17,-2.68265474931784
2008-12-22,-0.2035461183297791
2008-12-23,-3.5225803591715477
2008-12-24,-1.856624188326414
2008-12-29,-2.169417807169794
2008-12-30,-1.3031154214026612
2008-12-31,-2.6493827491892863
2009-01-05,4.961092040237956
2009-01-06,-0.9974072922734001
2009-01-07,-2.0096693390481946
2009-01-12,1.275978108934202
2009-01-13,-1.3404755666006314
2009-01-14,0.28444782184197903
2009-01-19,2.9424603621700256
2009-01-20,-1.682234601117583
2009-01-21,-2.7961996713424213
2009-01-26,1.544391924016086
2009-01-27,-2.8070562063066027
2009-01-28,-2.4326808331801346
2009-02-02,-1.2621731425302136
2009-02-03,-1.0781031224707864
2009-02-04,-2.229348608467389
2009-02-09,0.7649347274489293
2009-02-10,-1.0351147707908772
2009-02-11,-0.749155620582918
2009-02-16,-0.7796409191333704
2009-02-17,2.6433485723701002
2009-02-18,-0.48470501481105277
2009-02-23,-1.8997896859235208
2009-02-24,2.456610946816959
2009-02-25,-2.4561691442601767
2009-03-02,1.8082790327845712
2009-03-03,-3.345210235339782
2009-03-04,-2.3624514916395385
2009-03-09,2.226388623904878
2009-03-10,-2.9441170510996546
2009-03-11,-3.1637256111988132
2009-03-16,2.438148157129788
2009-03-17,-1.9231645722515704
2009-03-18,-1.4530961129878865
2009-03-23,0.1774078746417489
2009-03-24,-1.4386335447170735
2009-03-25,-1.1161020651109914
2009-03-30,-1.6769983074760466
2009-03-31,-0.4193170049140722
2009-04-01,-1.635452382219911
2009-04-06,5.724137340931161
2009-04-07,-0.48284134737900386
2009-04-08,-1.2973030886675179
2009-04-13,3.6045616479379
2009-04-14,0.532597668798275
2009-04-15,0.08814935625884623
2009-04-20,1.4139837706132148
2009-04-21,0.8773980946368369
2009-04-22,1.0972592831052261
2009-04-27,1.4562886004344282
2009-04-28,-1.500998700436353
2009-04-29,0.6593140661130579
2009-05-04,-0.10427888021345866
2009-05-05,-0.8612322324990804
2009-05-06,-1.4620497350910064
2009-05-11,0.9514917428265277
2009-05-12,-0.45964758925296945
2009-05-13,-1.031620874593973
2009-05-18,-0.09483598269355098
2009-05-19,0.1376038462522764
2009-05-20,-0.9624020363725285
2009-05-25,1.1565248998596627
2009-05-26,0.6991445060222299
2009-05-27,-1.2576845056267045
2009-06-01,1.9656015478857831
2009-06-02,-1.4407094267180858
2009-06-03,-1.347200415848571
2009-06-08,1.5028811393593213
2009-06-09,-1.651381298757299
2009-06-10,-0.7385614058049992
2009-06-15,0.06439803694154778
2009-06-16,-1.5345275852774516
2009-06-17,-0.21156854715467444
2009-06-22,3.232014265907349
2009-06-23,-0.7808372788387987
2009-06-24,-1.7919637619536775
2009-06-29,-1.468739449716964
2009-06-30,-1.4346298517202216
2009-07-01,-2.125413871835205
2009-07-06,1.523066087449242
2009-07-07,-1.2869000460276223
2009-07-08,-1.4926496531687077
2009-07-13,-1.4732189212389097
2009-07-14,0.2718132038879695
2009-07-15,-1.1106237495742386
2009-07-20,-0.3875934661671776
2009-07-21,-1.268044966466563
2009-07-22,-0.07836929779489776
2009-07-27,1.4178953651967732
2009-07-28,-0.2642001690352347
2009-07-29,-1.5377594679265396
2009-08-03,-0.748830887797107
2009-08-04,-0.6301784922803673
2009-08-05,-1.2014005703989452
2009-08-10,0.7835014120950521
2009-08-11,-0.7371361000796119
2009-08-12,-0.7183798300441735
2009-08-17,1.186556507906585
2009-08-18,-0.48868147960443853
2009-08-19,0.9873961200834676
2009-08-24,1.3423933215259238
2009-08-25,-1.4081804210594755
2009-08-26,-1.1299326333781659
2009-08-31,0.28492064869634404
2009-09-01,-1.2927270420340637
2009-09-02,-1.3112893020400342
2009-09-07,-0.07567214921615917
2009-09-08,-0.34062073597341835
2009-09-09,-0.42367173771629973
2009-09-14,0.6331143080867556
2009-09-15,-0.740619542855518
2009-09-16,0.3027028967603722
2009-09-28,3.344412559185913
2009-09-29,-0.6956140917790143
2009-09-30,-0.5696098643022709
2009-10-05,-0.2746862099187364
2009-10-06,-0.0879531188662257
2009-10-07,-0.5083932271136695
2009-10-12,0.3866145016678184
2009-10-13,-0.06328599130119084
2009-10-14,0.5727648789611283
2009-10-19,0.23069591980706905
2009-10-20,-0.8881568216696832
2009-10-21,-0.45502759153959216
2009-10-26,-0.14476015422305233
2009-10-27,-0.3399297284820483
2009-10-28,0.5137738926433341
2009-11-02,-0.10577281310090747
2009-11-03,0.15958702603658348
2009-11-04,-0.13616002800666172
2009-11-09,-0.06170642537901716
2009-11-10,-0.7040637195554311
2009-11-11,-0.8728801875902252
2009-11-16,-0.14383691302356394
2009-11-17,-0.8762128652251262
2009-11-18,-0.7478851234178472
2009-11-23,-0.5482393973165662
2009-11-24,-0.7270592789347041
2009-11-25,-0.10915673627859268
2009-12-07,0.9145666266092267
2009-12-08,0.9910651064421208
2009-12-09,0.6790371524342647
2009-12-14,1.7655332464276183
2009-12-15,-0.7819357325186445
2009-12-16,-0.9447015464235031
2009-12-21,-0.03111185460637822
2009-12-22,-0.9474240251452046
2009-12-23,-1.169911431613158
2009-12-28,-0.22014305515228694
2009-12-29,-0.5075134012047979
2009-12-30,-1.2275040074238244
2010-01-04,0.07864609160614777
2010-01-05,-0.6811985334406347
2010-01-06,-0.8480695135527274
2010-01-11,-0.6282631444553997
2010-01-12,-0.5571883307483951
2010-01-13,-0.9533000129857822
2010-01-18,1.3645870008268548
2010-01-19,-0.11954442535131826
2010-01-20,-0.7766871295622422
2010-01-25,0.12180406292134849
2010-01-26,-0.16773905348205598
2010-01-27,-1.0321412101155207
2010-02-01,-0.8967738173451771
2010-02-02,-0.7441182557360986
2010-02-03,-0.5511566413074176
2010-02-08,0.0886131625241009
2010-02-09,-0.7132543630268777
2010-02-10,-0.5151029465680944
2010-02-15,0.7590073029938104
2010-02-16,-0.26072009859779965
2010-02-17,-0.5213954311008714
2010-02-22,0.26307530001699964
2010-02-23,-0.47242919417045937
2010-02-24,-0.7115144271989762
2010-03-01,-0.1600633522592606
2010-03-02,-0.4709402288591116
2010-03-03,-0.30584850960175625
2010-03-08,0.31186110383693266
2010-03-09,-0.31105046262584124
2010-03-10,-0.25588653324170874
2010-03-15,-0.6460984816164886
2010-03-16,-0.25961473439153804
2010-03-17,0.10756274411711508
2010-03-22,-0.5650447718968887
2010-03-23,-0.09568228400996048
2010-03-24,-0.5297839599284282
2010-03-29,-0.5688930924406514
2010-03-30,-0.07920387576804722
2010-03-31,-0.4383316530766851
2010-04-05,-0.6522710603981238
2010-04-06,-0.022850075812487325
2010-04-07,-0.4925595189294836
2010-04-12,0.8191824776367187
2010-04-13,-0.6364367260672376
2010-04-14,-0.686591310443929
2010-04-19,-0.15803607576799694
2010-04-20,1.2161922996826977
2010-04-21,-0.8142807436503445
2010-04-26,1.7921747236864731
2010-04-27,-0.645178842147202
2010-04-28,-0.4067512001764484
2010-05-03,-0.7068897394652189
2010-05-04,-0.9362962700374624
2010-05-05,0.004780240886160136
2010-05-10,-0.29934634933333726
2010-05-11,-0.10931842003781811
2010-05-12,-0.9859454649965183
2010-05-17,1.905889870667528
2010-05-18,-0.5303424226801265
2010-05-19,0.7884970288863791
2010-05-24,1.454249740609377
2010-05-25,4.24692680964888
2010-05-26,-1.4614186758222751
2010-05-31,0.7614095441942728
2010-06-01,-0.4354058440700044
2010-06-02,-2.674654991081824
2010-06-07,-2.881868032025194
2010-06-08,-2.6802145689290384
2010-06-09,-0.8505542375437392
2010-06-14,1.0470846972689687
2010-06-15,-1.7197708682863415
2010-06-16,-1.889012751200502
2010-06-21,-0.4354021473325136
2010-06-22,-0.3684269065282899
2010-06-23,-1.6424138931453023
2010-06-28,-1.1593789176794191
2010-06-29,0.9491234705436373
2010-06-30,-1.5438982363325842
2010-07-05,-0.9426497930276159
2010-07-06,-0.11101915715286159
2010-07-07,-0.4458553530221534
2010-07-12,0.9991966295927155
2010-07-13,-1.387492563131671
2010-07-14,-0.7525454658775248
2010-07-19,-0.7671395412633766
2010-07-20,-0.4229567288472842
2010-07-21,-0.9282446206912831
2010-07-26,0.7693263700328734
2010-07-27,-0.4831518504176149
2010-07-28,-0.9156494698807036
2010-08-02,-0.09748021842273613
2010-08-03,-0.47656110035177557
2010-08-04,-1.0484619007468283
2010-08-09,-0.7252184374281512
2010-08-10,-0.08205219090433014
2010-08-11,0.14929607394854338
2010-08-16,-0.7436915346485864
2010-08-17,-0.9429422629779425
2010-08-18,-0.3709746729266301
2010-08-23,-0.8455683143290085
2010-08-24,0.4451725590818466
2010-08-25,-1.0044946005821789
2010-08-30,0.1204018148653958
2010-08-31,-0.5661263713148559
2010-09-01,-0.21944662592105835
2010-09-06,1.3082660672882138
2010-09-14,-0.1070621353239144
2010-09-15,-0.4610589834702581
2010-09-20,0.08621702180871893
2010-09-21,-0.7188803969338748
2010-09-22,-0.8048891027747441
2010-09-27,-0.5841584760506124
2010-09-28,-0.03869133474171116
2010-09-29,-0.737066959732934
2010-10-04,-0.7656792729217111
2010-10-05,-0.8009894468475226
2010-10-06,-0.4665602710086545
2010-10-11,0.03058726462900696
2010-10-12,-0.5314708162523688
2010-10-13,-0.23345226065478286
2010-10-18,-0.6584181903076822
2010-10-19,-0.5411151438740252
2010-10-20,-0.3369501804352033
2010-10-25,0.7937370004927784
2010-10-26,-0.764459726689024
2010-10-27,-0.41352524423820536
2010-11-01,0.05564599779052193
2010-11-02,-0.7279123550266262
2010-11-03,-0.29751515303491005
2010-11-08,0.5932277859457717
2010-11-09,-0.5646608652902715
2010-11-10,-0.577283047960793
2010-11-22,0.498752425565378
2010-11-23,0.008856190981492151
2010-11-24,-0.9871437362365645
2010-11-29,-0.29992318859873857
2010-11-30,-0.6810987304071126
2010-12-01,-0.49797632744124765
2010-12-06,-0.04272468058556056
2010-12-07,-0.38362779070234265
2010-12-08,-0.5856543831502579
2010-12-13,-0.0599038908838615
2010-12-14,-0.6576117794233587
2010-12-15,-0.36622035039449596
2010-12-20,0.7020204708536936
2010-12-21,-0.7430916501340962
2010-12-22,-0.7495325282906614
2010-12-27,-0.309776484718399
2010-12-28,-0.2079257116351253
2010-12-29,-0.7347862554871608
2011-01-03,0.08152438331976408
2011-01-04,-0.4620847074894838
2011-01-05,-0.6244875153861587
2011-01-10,-0.2823232645686786
2011-01-11,-0.21577949763006088
2011-01-12,-0.5292715418349031
2011-01-17,0.003851483993100868
2011-01-18,0.13396194626159974
2011-01-19,0.004961926828350283
2011-01-24,0.16335814123426617
2011-01-25,-0.8214196210824507
2011-01-26,-0.4309679043906329
2011-01-31,4.344205759114031
2011-02-01,-1.9389984439737722
2011-02-02,-0.14245955298922874
2011-02-07,-0.828334733070847
2011-02-08,-1.7013503392236333
2011-02-09,-1.837262450875516
2011-02-14,-1.6445091982101925
2011-02-15,-1.3914766989473106
2011-02-16,0.22400548025355715
2011-02-21,1.076393621915974
2011-02-22,-2.014083578878277
2011-02-23,-1.8262805272914364
2011-02-28,3.4362426272399644
2011-03-01,3.5688977323069406
2011-03-02,-0.9249371093918031
2011-03-07,7.474598970697205
2011-03-08,-2.72536861622436
2011-03-09,-3.502614052460142
2011-03-14,-1.5862894340615963
2011-03-15,0.6249421550626488
2011-03-16,-2.235398502282535
2011-03-21,1.4402844539580086
2011-03-22,-2.3775596734654503
2011-03-23,-2.5631980944628445
2011-03-28,-0.32893793158197804
2011-03-29,-2.333568718050881
2011-03-30,-1.5962166700228653
2011-04-04,-1.4587661147265178
2011-04-05,-0.9441945984072928
2011-04-06,-1.3722963188526758
2011-04-11,-1.1545891612553496
2011-04-12,-1.2112725803051763
2011-04-13,-1.277349490444269
2011-04-18,-0.3039726289594926
2011-04-19,-1.3683023287285436
2011-04-20,-0.5386408130123561
2011-04-25,0.353963550648829
2011-04-26,-1.061756628105321
2011-04-27,-0.6069029960924921
2011-05-02,-0.9405926850715294
2011-05-03,-0.6308325645057951
2011-05-04,-0.8472377117987226
2011-05-09,-0.8333315524171473
2011-05-10,-0.309540895288301
2011-05-11,-0.7918901083654396
2011-05-16,0.4924023883832235
2011-05-17,-0.6910040227652869
2011-05-18,-0.47672787533048333
2011-05-23,-0.7554057212917791
2011-05-24,-0.8370486141249435
2011-05-25,-0.715929137186045
2011-05-30,-0.7425283198932607
2011-05-31,-0.806304529350214
2011-06-01,-0.7327801876962975
2011-06-06,0.4794992831416788
2011-06-07,-0.4232916997154499
2011-06-08,0.061384417397718605
2011-06-13,-0.27975176702776317
2011-06-14,-0.7424038990832131
2011-06-15,-0.6452098030837795
2011-06-20,1.6269648463278759
2011-06-21,0.006009162339687624
2011-06-22,-1.1917310162373178
2011-06-27,-0.465064386450156
2011-06-28,-0.9853056004448484
2011-06-29,-0.5739262687282898
2011-07-04,-0.4580617090102046
2011-07-05,-1.0180422877890638
2011-07-06,-0.7877762006928732
2011-07-11,-0.313778512059238
2011-07-12,0.1173063869281219
2011-07-13,-0.7039693817046402
2011-07-18,0.2714192498489334
2011-07-19,-0.8020617701729165
2011-07-20,-0.355716438708517
2011-07-25,-0.7319071470296914
2011-07-26,-0.9513835507026556
2011-07-27,-0.48617875329002325
2011-08-01,-0.5185538154032276
2011-08-02,-0.4594976012253982
2011-08-03,-0.6491709044126196
2011-08-08,4.940332252508184
2011-08-09,-2.5913767786753583
2011-08-10,-1.9990498969050918
2011-08-15,-0.9040162950586179
2011-08-16,-0.8452281502696684
2011-08-17,-1.6270516324929472
2011-08-22,0.7870683120696129
2011-08-23,-2.096114874415634
2011-08-24,-1.181887334876754
2011-09-05,-0.2861238766653118
2011-09-06,-1.2751942545222645
2011-09-07,-0.7935793626528052
2011-09-12,-0.1726139462650218
2011-09-13,-1.1263889275570997
2011-09-14,-1.6006847264724606
2011-09-19,-0.759895157095944
2011-09-20,-1.0670372610761754
2011-09-21,-1.2483584540123065
2011-09-26,-0.6150711575727452
2011-09-27,-0.776357810618314
2011-09-28,-0.8735979276502965
2011-10-03,0.32971034095089014
2011-10-04,-0.38720305459470894
2011-10-05,-0.5257866247841703
2011-10-10,1.014486678032181
2011-10-11,-0.6528484738356908
2011-10-12,-0.8557432580402289
2011-10-17,-0.612977485787775
2011-10-18,-0.7379892868803763
2011-10-19,-0.21301547032963974
2011-10-24,-0.5302057440953781
2011-10-25,-0.6018240631038708
2011-10-26,-0.7524239800208998
2011-10-31,0.35356514911946346
2011-11-01,0.35832092483666356
2011-11-02,0.02045900364526787
2011-11-14,-0.6848357025184271
2011-11-15,-0.7256502053320246
2011-11-16,-0.7804734141712188
2011-11-21,0.1870189648521733
2011-11-22,-0.2539978167161877
2011-11-23,-0.821947675621898
2011-11-28,-0.39184853555688814
2011-11-29,-0.7888020743850959
2011-11-30,-0.77844297970502
2011-12-05,1.1419275441971122
2011-12-06,-0.5185193891202988
2011-12-07,-0.32171239282918684
2011-12-12,-0.5430004816894458
2011-12-13,0.5510647485080403
2011-12-14,-0.1642155917136825
2011-12-19,-0.423065738100315
2011-12-20,-0.8013971000685886
2011-12-21,-0.27469565903936477
2011-12-26,0.3883864254013306
2011-12-27,-0.500052197417493
2011-12-28,-0.580569308998487
2012-01-02,-0.48677015312460004
2012-01-03,-0.5623032983610315
2012-01-04,-0.6828448933735443
2012-01-09,-0.25085491263259674
2012-01-10,-0.26587258172207484
2012-01-11,-0.6574852388317477
2012-01-16,0.3064175542354587
2012-01-17,-0.16278377297381375
2012-01-18,-0.7148362887272831
2012-01-23,0.410323151155803
2012-01-24,-0.854464724263686
2012-01-25,-0.7163991646560992
2012-01-30,0.43969805119871264
2012-01-31,0.08277658048581082
2012-02-01,-0.3379883891103346
2012-02-06,0.2752381204081775
2012-02-07,-0.716310137722369
2012-02-08,0.002621962214997886
2012-02-13,-0.3116375664798402
2012-02-14,-0.4461300449877783
2012-02-15,-0.6668056741799012
2012-02-20,0.6254189572202409
2012-02-21,0.06079086004953682
2012-02-22,0.09421203007276924
2012-02-27,1.4737932617198526
2012-02-28,-0.6882143646209284
2012-02-29,-0.014506007197636284
2012-03-05,0.3087496599890559
2012-03-06,-0.21374647606753816
2012-03-07,-0.29171028616395644
2012-03-12,1.476475865500245
2012-03-13,-0.33229668142091595
2012-03-14,-0.18531064758004456
2012-03-19,-0.18353792145770953
2012-03-20,0.6116610474550026
2012-03-21,-0.6078849380170614
2012-03-26,2.2257621028692216
2012-03-27,-0.4883923942517633
2012-03-28,-0.7947260942720539
2012-04-02,0.6641152954497757
2012-04-03,-0.7416179177971415
2012-04-04,-0.34402634631752793
2012-04-09,1.6562507296790907
2012-04-10,0.23805329626572802
2012-04-11,-1.1016036398575437
2012-04-16,2.4521244122474766
2012-04-17,1.146547568643335
2012-04-18,-2.060131942558194
2012-04-23,-1.9427480000211026
2012-04-24,-1.699090571645937
2012-04-25,-1.37641759855294
2012-04-30,-1.4573141593041887
2012-05-01,-1.3376023564867263
2012-05-02,-1.4326848081837544
2012-05-07,1.1550593784699734
2012-05-08,-1.3780088715287304
2012-05-09,0.38170062221623624
2012-05-14,0.16786828037542523
2012-05-15,-1.193524067905421
2012-05-16,-1.7505705133579728
2012-05-21,-0.6815116185759058
2012-05-22,-0.4997361063568231
2012-05-23,-0.8685184716318255
2012-05-28,-1.4260177071610027
2012-05-29,-1.0502082574988678
2012-05-30,-0.5026875742312198
2012-06-04,1.628352087184195
2012-06-05,-1.6103885244391396
2012-06-06,-0.7022793208166129
2012-06-11,0.3724578433785075
2012-06-12,-0.5165929997320646
2012-06-13,-1.2710385330052025
2012-06-18,-0.5401414951850159
2012-06-19,-1.3077256702801043
2012-06-20,-1.0190866763449635
2012-06-25,1.1104664261853368
2012-06-26,-1.2206976420902513
2012-06-27,0.15104658360499013
2012-07-02,0.8851908605796484
2012-07-03,0.4307367499700798
2012-07-04,-0.48096442426827446
2012-07-09,-0.2735149474754237
2012-07-10,-0.8807902095542812
2012-07-11,-0.651774673144702
2012-07-16,-1.1494257507158356
2012-07-17,-0.5141574102237372
2012-07-18,-0.5728198008887051
2012-07-23,-1.0130108231233355
2012-07-24,-0.7054148283613197
2012-07-25,-0.9665315899811886
2012-07-30,1.2938876350513293
2012-07-31,-0.3740433894506098
2012-08-01,-0.8594048745775718
2012-08-06,-0.22561871908536724
2012-08-07,-0.7021523487485611
2012-08-08,-0.6969961331829353
2012-08-13,-0.6607167606563112
2012-08-14,-0.7861969622062054
2012-08-15,-0.2890862941632336
2012-08-27,1.0787036762738866
2012-08-28,-0.6061785674788749
2012-08-29,-0.7333014999300661
2012-09-03,0.11637268627387332
2012-09-04,-0.511011033882575
2012-09-05,-0.801205484135428
2012-09-10,-0.47447601496402547
2012-09-11,-0.6183500136769052
2012-09-12,-0.551660896696088
2012-09-17,-0.15951727488735068
2012-09-18,-0.07252688978819288
2012-09-19,-0.15207853996010678
2012-09-24,0.4663553003803378
2012-09-25,-0.6611941865883153
2012-09-26,0.428221658381015
2012-10-01,-0.9940655754234673
2012-10-02,-0.8712541161814924
2012-10-03,-0.9079180161544578
2012-10-08,0.1621667988315343
2012-10-09,-0.9501359133541889
2012-10-10,-0.9092960308152278
2012-10-15,0.08408673161633984
2012-10-16,-0.6221100265832851
2012-10-17,-0.13170431742910726
2012-10-22,0.10669228574028022
2012-10-23,-0.965897924919745
2012-10-24,-0.09718566571099019
2012-11-05,-0.29716783195793495
2012-11-06,0.06872217832685124
2012-11-07,-0.7058631891126664
2012-11-12,0.8062460417019904
2012-11-13,-1.0831293210970752
2012-11-14,-0.9820855477571959
2012-11-19,1.15013891502734
2012-11-20,-1.3433119253791115
2012-11-21,-0.6375164545638181
2012-11-26,-0.46339450222280165
2012-11-27,-0.11896531205671401
2012-11-28,-0.15458349788959502
2012-12-03,1.6551765377431078
2012-12-04,-0.7512140733761479
2012-12-05,-1.0691859527947878
2012-12-10,-0.9818440345229542
2012-12-11,-0.792591136571964
2012-12-12,-0.9618807057255152
2012-12-17,0.4796721879071033
2012-12-18,-0.637097873285983
2012-12-19,-0.5054241733744335
2012-12-24,-0.7400866566615668
2012-12-25,-0.6189981411194508
2012-12-26,-0.7987665042375021
2012-12-31,0.13727223332345084
2013-01-01,0.01616801683832081
2013-01-02,0.2216816815713225
2013-01-07,0.0915500852597606
2013-01-08,-0.41760887509984823
2013-01-09,0.13598690264489677
2013-01-14,-0.14916527896891907
2013-01-15,0.12459650774317921
2013-01-16,-0.6065629260649733
2013-01-21,-0.17115931605817447
2013-01-22,-0.557516878283061
2013-01-23,-0.7613308601779517
2013-01-28,-0.5393341321770823
2013-01-29,-0.7870537535859228
2013-01-30,-0.6162311126816198
2013-02-04,-0.5200285993000769
2013-02-05,-0.3372966757832724
2013-02-06,-0.7089048017950262
2013-02-11,-0.0845033604189529
2013-02-12,-0.45070616591380397
2013-02-13,-0.7236738770575757
2013-02-18,-0.6334192555346838
2013-02-19,-0.29913934983182733
2013-02-20,-0.5939771626607991
2013-02-25,-0.6369887103969799
2013-02-26,0.052125115382534615
2013-02-27,-0.611062211496882
2013-03-04,-0.19717923636064894
2013-03-05,-0.8265706774498195
2013-03-06,-0.12513022499592896
2013-03-11,-0.3915754214622619
2013-03-12,-0.08428734955989936
2013-03-13,-0.2334209315023993
2013-03-18,-0.38621834995833293
2013-03-19,-0.5719121667029746
2013-03-20,-0.5317070175650267
2013-03-25,0.15632341476496914
2013-03-26,-0.6401817868725537
2013-03-27,-0.7041143063067079
2013-04-01,-0.43596826100732045
2013-04-02,-0.5081716300104865
2013-04-03,-0.6583217738794797
2013-04-08,-0.4566306823351203
2013-04-09,-0.28721092212005395
2013-04-10,-0.0840040167648165
2013-04-15,0.639299179354872
2013-04-16,-0.35424021216440305
2013-04-17,-0.5128474040636342
2013-04-22,0.02469676123604625
2013-04-23,-0.8540174228324462
2013-04-24,-0.8506394505441641
2013-04-29,-0.31116061092991754
2013-04-30,-0.6961216323319482
2013-05-01,-0.7123689041761194
2013-05-06,-0.599203933087287
2013-05-07,-0.6581173584804636
2013-05-08,-0.42521216625906844
2013-05-13,-0.05423653283095953
2013-05-14,-0.5762175609581001
2013-05-15,-0.6458174624958366
2013-05-20,1.4364950681364579
2013-05-21,-0.3151657251864354
2013-05-22,-0.7686810168899607
2013-05-27,-0.22343280313602332
2013-05-28,-0.06289008461760848
2013-05-29,-0.4685886958774639
2013-06-03,1.2456168274056394
2013-06-04,-0.6909646224320772
2013-06-05,-0.34100460141921296
2013-06-10,-0.5081006250050737
2013-06-11,0.0013997102535094896
2013-06-12,-0.22469539913565828
2013-06-17,1.3769927194558704
2013-06-18,-0.284922559846438
2013-06-19,-1.1906131497730679
2013-06-24,-0.800834882786674
2013-06-25,-0.8571475949217608
2013-06-26,-0.8621919173073149
2013-07-01,-0.15819432373676645
2013-07-02,-0.3274017938903483
2013-07-03,-0.3943609419606894
2013-07-04,0.16576392581919686
2013-07-08,-0.636409666285436
2013-07-09,-0.74823205281527
2013-07-10,-0.7766236784561489
2013-07-11,-0.6058425429899621
2013-07-15,-0.6766709627426847
2013-07-16,-0.7352802180648663
2013-07-17,-0.7062466486654809
2013-07-18,-0.3341405502745274
2013-07-22,1.061775915037227
2013-07-23,-0.5665254366446252
2013-07-24,-0.38889098510086506
2013-07-25,-0.734090972107936
2013-07-29,-0.4459839479310065
2013-07-30,0.1245683229516299
2013-07-31,-0.167702096260688
2013-08-01,-0.5951205347934917
2013-08-05,1.2822284173770626
2013-08-13,-0.384726299029608
2013-08-14,-0.27541048818500036
2013-08-15,-0.18535099474527206
2013-08-19,0.09440140544126008
2013-08-20,-0.36318124660179263
2013-08-21,-0.32167149827930264
2013-08-22,-0.42452468594249804
2013-08-26,0.9446696831731171
2013-08-27,2.9823719654218896
2013-08-28,-1.4527746694383867
2013-08-29,-1.7767412199569455
2013-09-02,0.234536136220989
2013-09-03,-0.3082879405567658
2013-09-04,0.3213849505756292
2013-09-05,-1.7779793112615108
2013-09-09,-1.62940164720219
2013-09-10,1.165817834977779
2013-09-11,-1.2587559650693962
2013-09-12,-1.0803889469553287
2013-09-16,0.7418068398821966
2013-09-17,-0.6508007228038148
2013-09-18,-0.8892863386343
2013-09-19,-0.8911050568611072
2013-09-24,-0.8925082923040828
2013-09-25,-1.1225504151233212
2013-09-26,-0.8074780541893691
2013-09-30,-0.842420570632189
2013-10-01,-0.4154365277075224
2013-10-02,-0.9100478042455383
2013-10-03,-0.8825625948640606
2013-10-07,-0.3511201936304933
2013-10-08,-0.7263548372149717
2013-10-09,-0.6332291194376204
2013-10-10,-0.769916683205048
2013-10-21,1.1763249137339487
2013-10-22,-0.6279396694127708
2013-10-23,-0.7464583307009869
2013-10-24,-0.5466300383387732
2013-10-28,0.642451130874753
2013-10-29,-0.02554344342823711
2013-10-30,-0.5413250217160224
2013-10-31,-0.5360648177891048
2013-11-04,-0.6499981907214404
2013-11-05,0.21417376028356627
2013-11-06,-0.7985078844286048
2013-11-07,-0.018771292370878156
2013-11-11,-0.8362526994734435
2013-11-12,-0.1547493371002362
2013-11-13,-0.35414912771368057
2013-11-14,-0.5697045677255254
2013-11-18,0.27380421342643213
2013-11-19,-0.11053579635785227
2013-11-20,-0.58212105317808
2013-11-21,-0.7849377060403775
2013-11-25,-0.6833398805065419
2013-11-26,-0.18829034726557892
2013-11-27,-0.7421523116642575
2013-11-28,-0.48707952982234337
2013-12-02,-0.689498656943706
2013-12-03,0.5274077259656288
2013-12-04,-0.8458096619357587
2013-12-05,-0.7510369597954338
2013-12-09,0.4946192098155511
2013-12-10,-0.5135617884758286
2013-12-11,-0.7744819943571899
2013-12-12,-0.6549470607897421
2013-12-16,-0.7765982290122755
2013-12-17,-0.45763485306501994
2013-12-18,-0.4606661207027364
2013-12-19,0.025422446375280017
2013-12-23,-0.21204683906679422
2013-12-24,-0.19452315815545018
2013-12-25,-0.3123142993077136
2013-12-26,-0.7506583017155528
2013-12-30,-0.30139598697992065
2013-12-31,-0.6095241427884062
2014-01-01,0.043874255207727475
2014-01-02,-0.6627664499576841
2014-01-06,-0.6181311445516694
2014-01-07,-0.67885194472251
2014-01-08,-0.20563697735911235
2014-01-09,-0.4570795728763978
2014-01-13,-0.34771216134415606
2014-01-14,-0.4753622698985104
2014-01-15,-0.13938068865849573
2014-01-16,-0.5646387139965133
2014-01-20,-0.28336025906874074
2014-01-21,-0.6186786692071055
2014-01-22,-0.40682923819697103
2014-01-23,-0.6075015112186626
2014-01-27,0.6632397937761985
2014-01-28,-0.8361732281069484
2014-01-29,-0.3342585168402159
2014-01-30,-0.2761955943826907
2014-02-03,-0.39304179394845573
2014-02-04,-0.33481103918972777
2014-02-05,-0.5528301787436561
2014-02-06,-0.5360368130731021
2014-02-10,-0.21096501081418428
2014-02-11,-0.5534413247808992
2014-02-12,-0.17615041895619887
2014-02-13,-0.6202537525869753
2014-02-17,-0.6624113508083251
2014-02-18,-0.564560373932557
2014-02-19,-0.6274696320713552
2014-02-20,-0.4975659804134871
2014-02-24,0.02050203755276858
2014-02-25,-0.6896573802756031
2014-02-26,-0.6379778983269718
2014-02-27,-0.17356619120238592
2014-03-03,0.3076659192738209
2014-03-04,0.6410205172507415
2014-03-05,-0.7892739478703441
2014-03-06,0.10532106905143657
2014-03-10,0.14135986060502448
2014-03-11,-0.7717695389513421
2014-03-12,-0.6834755142306911
2014-03-13,-0.38565003277459553
2014-03-17,-0.5104254811339022
2014-03-18,-0.3513392338948108
2014-03-19,-0.6396530223233835
2014-03-20,-0.6173660645815687
2014-03-24,0.603301611830025
2014-03-25,-0.6733203559672872
2014-03-26,-0.5847051158587271
2014-03-27,-0.4051231754238406
2014-03-31,-0.1727084831656006
2014-04-01,-0.3109345857419362
2014-04-02,-0.5326208789684561
2014-04-03,-0.5220634450141405
2014-04-07,-0.13667158506838517
2014-04-08,-0.10554544286893797
2014-04-09,-0.46190651086089785
2014-04-10,-0.38054937228530195
2014-04-14,-0.11283883971503594
2014-04-15,-0.10865874043390522
2014-04-16,-0.7362571943249407
2014-04-17,-0.4992606644358998
2014-04-21,0.13283748738169265
2014-04-22,-0.5432083302109252
2014-04-23,-0.0932244248276376
2014-04-24,-0.6363631296796841
2014-04-28,-0.5735581472948563
2014-04-29,-0.609060891634408
2014-04-30,-0.511343734323418
2014-05-01,0.02195288899885406
2014-05-05,0.031190574939326865
2014-05-06,-0.6692880586548017
2014-05-07,-0.6976044677961979
2014-05-08,-0.2903650078952815
2014-05-12,-0.5503228708759882
2014-05-13,-0.2940978703551881
2014-05-14,-0.6969182101712451
2014-05-15,-0.5515223452786722
2014-05-19,0.1481109905311122
2014-05-20,-0.660593984481026
2014-05-21,-0.415753584153853
2014-05-22,-0.5841965425577488
2014-05-26,-0.030372248800084156
2014-05-27,-0.717150942181666
2014-05-28,-0.38558995919004035
2014-05-29,-0.4714139404613217
2014-06-02,-0.3317513905969991
2014-06-03,-0.4221381063004098
2014-06-04,-0.5425037887244574
2014-06-05,-0.6958281547665631
2014-06-09,-0.4010641552015084
2014-06-10,-0.600475951807948
2014-06-11,-0.33632201046533194
2014-06-12,-0.28133090459565047
2014-06-16,2.3555675965780765
2014-06-17,-0.8467939623030618
2014-06-18,-0.8433342965709567
2014-06-19,-1.398485830317049
2014-06-23,-0.34603004840498963
2014-06-24,-1.1055194142390437
2014-06-25,-0.6252237809448369
2014-06-26,-1.0546258471340524
2014-06-30,-0.556136112162134
2014-07-01,-0.3349583344738305
2014-07-02,-0.1444048685382895
2014-07-03,-1.0224260493375663
2014-07-07,0.028682445074974305
2014-07-08,-0.7444300532598307
2014-07-09,-0.8509004394124814
2014-07-10,-0.7296119814615717
2014-07-14,-0.8196442376041613
2014-07-15,-0.7143960941055492
2014-07-16,-0.6733566197180576
2014-07-17,-0.5264037627702667
2014-07-21,-0.4190783236352984
2014-07-22,2.03443946384381
2014-07-23,0.33595732529712086
2014-07-24,-0.457650587457305
2014-08-04,0.9850291251052761
2014-08-05,-0.5278062417061185
2014-08-06,-0.5828684803220548
2014-08-07,-0.09143085389569994
2014-08-11,-0.3954968471172855
2014-08-12,-0.6025049893585676
2014-08-13,-0.6949739322724238
2014-08-14,-0.6617206497049977
2014-08-18,-0.12674246242710419
2014-08-19,-0.6650748325124105
2014-08-20,-0.19137384862926532
2014-08-21,-0.5745141540449997
2014-08-25,0.2794969398028414
2014-08-26,0.10560171552730646
2014-08-27,0.02681064962076085
2014-08-28,-0.6796885389014649
2014-09-01,-0.051981691438398814
2014-09-02,-0.0031787792506862145
2014-09-03,-0.6122444039540963
2014-09-04,-0.67997979984941
2014-09-08,-0.06806676283231905
2014-09-09,-0.7184985780516424
2014-09-10,-0.48734422046138737
2014-09-11,-0.16259927683843822
2014-09-15,0.37845984775869657
2014-09-16,-0.263290593767741
2014-09-17,-0.11565259378912451
2014-09-18,-0.6257479611835458
2014-09-22,0.872425498698848
2014-09-24,0.1330528925197143
2014-09-25,-0.6951334887086238
2014-09-29,-1.1267691434719802
2014-09-30,-0.220618438837485
2014-10-01,-0.9521092644084634
2014-10-02,-1.0227832138043877
2014-10-13,3.4923317764890025
2014-10-14,-0.7380865348216878
2014-10-15,0.18094133766155407
2014-10-16,0.9309543272916438
2014-10-20,1.0536976717662583
2014-10-21,-0.22701862329790545
2014-10-22,-1.9771406859426723
2014-10-23,-1.6996664774794819
2014-10-27,-1.802411183165408
2014-10-28,-1.6076263225996172
2014-10-29,-1.0164913116946395
2014-10-30,-1.327064175917947
2014-11-03,-0.5082558874712224
2014-11-04,2.13867720131475
2014-11-05,-0.919265716369762
2014-11-06,-1.770006729305754
2014-11-10,-0.5114685656574656
2014-11-11,-1.521341000168514
2014-11-12,-1.7361980776283483
2014-11-13,-0.7782088743464597
2014-11-17,2.4710009130697026
2014-11-18,-1.1832228152098287
2014-11-19,-2.154403835339318
2014-11-20,-1.8455041536718753
2014-11-24,-1.890358994087031
2014-11-25,0.015483316218520615
2014-11-26,-0.3885103569355206
2014-11-27,-1.8124045470438042
2014-12-01,1.9148227639172644
2014-12-02,-1.8520294553454515
2014-12-03,-1.51232765267542
2014-12-04,-0.37323327201574985
2014-12-08,0.14411763655916543
2014-12-09,-0.34120661150272324
2014-12-10,0.24307902476457643
2014-12-11,-2.192719471144937
2014-12-15,3.837630708385977
2014-12-16,3.610754281783279
2014-12-17,0.2606442722774913
2014-12-18,4.135445799965423
2014-12-22,-2.075115226837827
2014-12-23,-3.2937882573518062
2014-12-24,-1.7804443352761656
2014-12-25,-2.7898135215935267
2014-12-29,-1.830917633293546
2014-12-30,1.6611198820131365
2014-12-31,-1.7606113743837577
2015-01-01,-1.9664206314098056
2015-01-05,0.8028852789853436
2015-01-06,-2.871112591489622
2015-01-07,-1.8830739079946444
2015-01-08,-0.9270733907926365
2015-01-12,-0.8796490342097858
2015-01-13,-1.8950886709429504
2015-01-14,-1.5801195378019846
2015-01-15,-0.8384189440294634
2015-01-19,-1.6150739220031811
2015-01-20,-1.8263939530347126
2015-01-21,-0.6329398032560165
2015-01-22,-1.252306636151849
2015-01-26,-0.8728355761310589
2015-01-27,0.8823595937616151
2015-01-28,0.9737376462083187
2015-01-29,-0.6673056925319298
2015-02-02,2.374154061452741
2015-02-03,-1.0918377272168018
2015-02-04,-0.4519176017897264
2015-02-05,-1.03410360720413
2015-02-09,1.145264782659615
2015-02-10,0.07090933593834126
2015-02-11,0.6218003272124455
2015-02-12,0.1056070782772145
2015-02-16,0.5601136878362465
2015-02-17,-1.10433260429921
2015-02-18,-0.762351090806427
2015-02-19,7.661844266348972e-05
2015-02-23,-0.5931938290450074
2015-02-24,-0.45157665640847644
2015-02-25,-0.8689922334340263
2015-02-26,-0.9563225263410586
2015-03-02,-0.20725305369143587
2015-03-03,0.0012418975713264224
2015-03-04,-0.5649242679658697
2015-03-05,-0.3533747008124444
2015-03-09,0.1711202407867135
2015-03-10,-0.6486969205091495
2015-03-11,-0.35236104396806656
2015-03-12,-0.5667136467821636
2015-03-16,1.885432228360304
2015-03-17,-0.2608256876683026
2015-03-18,0.13991369810273824
2015-03-19,-0.9963143167241915
2015-03-23,0.059034148272100406
2015-03-24,-1.4356392374845386
2015-03-25,3.7872787292619003
2015-03-26,-1.964389730286788
2015-03-30,-1.882015468953092
2015-03-31,-0.33053103085876767
2015-04-01,-1.868637308784991
2015-04-02,-1.3417475534465497
2015-04-06,-0.8565341437182985
2015-04-07,0.18701368419209619
2015-04-08,-1.4936163004712164
2015-04-09,-0.7638908416094594
2015-04-13,-0.7675076684325146
2015-04-14,-0.609479383250592
2015-04-15,0.6952984727556153
2015-04-16,-0.67023803745544
2015-04-20,2.1110975156633627
2015-04-21,-0.6653696525875288
2015-04-22,-1.2007668096652195
2015-04-23,-0.7918499867230522
2015-04-27,-0.18679083471816682
2015-04-28,-1.0088317205716588
2015-04-29,-0.04292454938138168
2015-04-30,-0.8560134048297757
2015-05-04,-0.4166570934365541
2015-05-05,-0.6008425447393136
2015-05-06,-0.5726305457028066
2015-05-07,-0.21637942735864302
2015-05-11,0.4322471734311746
2015-05-12,-0.508395068748317
2015-05-13,-0.5839882047437084
2015-05-14,-0.4205593378517204
2015-05-18,-0.23432545974747676
2015-05-19,-0.8677355545254222
2015-05-20,-0.04014879207257416
2015-05-21,-0.5102767481297829
2015-05-25,-0.47040418063733525
2015-05-26,-0.11076252588689317
2015-05-27,-0.3247805710021128
2015-05-28,-0.822858668858353
2015-06-01,-0.203369381391716
2015-06-02,-0.5952202944645247
2015-06-03,-0.45787108012430355
2015-06-04,-0.7699256164506914
2015-06-08,0.5704584639006941
2015-06-09,-0.726103230793121
2015-06-10,-0.4101220301594217
2015-06-11,-0.6959867626882974
2015-06-15,-0.47117630548116407
2015-06-16,-0.6854912634975046
2015-06-17,-0.8656321392935076
2015-06-18,-0.4536595565397411
2015-06-22,1.5803442501733298
2015-06-23,-1.163848652875657
2015-06-24,-0.9224944381309983
2015-06-25,-0.6901924962847261
2015-06-29,2.205259216539651
2015-06-30,-1.4175113454602104
2015-07-01,-1.59740336715886
2015-07-02,-1.3606709755425155
2015-07-06,-1.5069129004978319
2015-07-07,-0.9391297091788389
2015-07-08,-1.199036404442402
2015-07-09,1.1346587754129764
2015-07-13,-0.957816083609135
2015-07-14,-1.2012760436233547
2015-07-15,-0.49435703414852816
2015-07-22,-0.6917483253970833
2015-07-23,-0.8938861375577727
2015-07-27,2.189750890303025
2015-07-28,-1.4203680404270098
2015-07-29,-1.4315704383119414
2015-07-30,-1.4602883007501093
2015-08-03,1.631419814763643
2015-08-04,-1.6858332530987532
2015-08-05,-1.5220891746015979
2015-08-06,-0.1995784637733118
2015-08-10,0.3964981605400366
2015-08-11,-0.6754009087594286
2015-08-12,-1.1051625754407146
2015-08-13,-1.3266321541509654
2015-08-17,1.3839150847196622
2015-08-18,0.7173132889942899
2015-08-19,0.046623191955694754
2015-08-20,-1.7443101746428873
2015-08-24,10.971995485889549
2015-08-25,1.637544645875308
2015-08-26,-3.6910545043172664
2015-08-27,-2.70992326523717
2015-08-31,-3.997472375051178
2015-09-01,-3.8238657778258105
2015-09-02,-3.706225191739186
2015-09-03,-3.9070548919743295
2015-09-07,-2.5546212963129076
2015-09-08,-2.4536058422362452
2015-09-09,-1.2386787939123698
2015-09-10,-2.4676514386371915
2015-09-14,-0.6264434382142272
2015-09-15,-2.714511343245634
2015-09-16,-2.3919006504432536
2015-09-17,-1.749668662387403
2015-09-21,-1.9936036380441244
2015-09-29,-0.751972198385003
2015-09-30,-1.0516839046467799
2015-10-01,-1.056952200748849
2015-10-05,-0.18315952279755532
2015-10-06,-1.6287405948867801
2015-10-07,0.208083910762219
2015-10-08,-0.6038352270500287
2015-10-12,0.134406252558267
2015-10-13,-0.6571964293318837
2015-10-14,-1.217727708859297
2015-10-15,-0.11271875955450295
2015-10-19,-0.33634290051541527
2015-10-20,-0.18633198468875722
2015-10-21,1.4689264852990063
2015-10-22,-0.6955266390116379
2015-10-26,-1.0160627043277024
2015-10-27,1.3303459948318985
2015-10-28,-1.5030360319977212
2015-10-29,-1.7889068172122464
2015-11-02,-0.9753422127381146
2015-11-03,-0.20028622051923395
2015-11-04,-0.4652246722444078
2015-11-05,-0.5290242221073289
2015-11-09,-0.7832636485268796
2015-11-10,-1.0702919358965792
2015-11-11,0.5813128517554516
2015-11-12,-0.5735031531016621
2015-11-16,0.41339384637708143
2015-11-17,-1.0297898949825537
2015-11-18,-0.8160941879627777
2015-11-19,-0.21442292958158093
2015-11-23,0.256938561526151
2015-11-24,-0.6375858184818557
2015-11-25,-1.123192432775208
2015-11-26,-0.7031221789663966
2015-11-30,-1.0040701652354158
2015-12-01,-0.2593904929662447
2015-12-02,-0.27927481080887806
2015-12-03,0.2557204984469009
2015-12-07,0.29858286174272863
2015-12-08,1.1653581713625298
2015-12-09,-1.2141773595949465
2015-12-10,-0.7912201934552192
2015-12-14,2.3550293774082762
2015-12-15,-0.6489093923541831
2015-12-16,-0.7078229522996615
2015-12-17,0.5055860394368217
2015-12-21,0.07304822030446756
2015-12-22,-0.18851958452204398
2015-12-23,-0.06453611733062159
2015-12-24,-1.6628473023384118
2015-12-28,-1.0018178123153296
2015-12-29,-0.6846027117758988
2015-12-30,-1.2919113587778732
2015-12-31,-1.3712882193767482
2016-01-04,0.40699967761039857
2016-01-05,-1.0488834749823754
2016-01-06,1.8211664936822094
2016-01-07,2.183524920530516
2016-01-11,-2.5103483508097546
2016-01-12,-1.046659575665244
2016-01-13,-2.2321660162464076
2016-01-14,0.9110716077009853
2016-01-18,2.520536430326953
2016-01-19,0.9332030625674377
2016-01-20,2.012814676753847
2016-01-21,-3.5105753760572824
2016-01-25,-0.8962489424123112
2016-01-26,-3.0865722252475942
2016-01-27,-2.1276069622514737
2016-01-28,0.13814376956083807
2016-02-01,-1.185107986378787
2016-02-02,-0.3759678014941712
2016-02-03,-1.5206907435740828
2016-02-04,-1.6103505613627704
2016-02-08,-0.9437425938849859
2016-02-09,-1.6160281425446499
2016-02-10,-1.3179088794958962
2016-02-11,1.0814860411358107
2016-02-15,-1.4137019025504345
2016-02-16,-1.174108129387565
2016-02-17,-0.9048845587205683
2016-02-18,-0.4736481715318488
2016-02-22,-0.23177201792515212
2016-02-23,-0.9724255972879068
2016-02-24,0.001777415285565409
2016-02-25,-0.8928580371646613
2016-02-29,0.4666172803523301
2016-03-01,-0.09090797570603337
2016-03-02,-0.9506040023005751
2016-03-03,-0.5097384474135
2016-03-07,1.4877430631140098
2016-03-08,-0.6877720455090173
2016-03-09,0.0022287300315275704
2016-03-10,-0.9286661493548063
2016-03-14,-0.06630206712370534
2016-03-15,-0.3430593537852922
2016-03-16,0.1158926676581109
2016-03-17,0.23666655481581422
2016-03-21,0.23834907799952343
2016-03-22,-0.7819387635878199
2016-03-23,-0.608435196037991
2016-03-24,0.7615339966819494
2016-03-28,-0.0582795730836414
2016-03-29,0.054579821812352325
2016-03-30,-0.5788254794244665
2016-03-31,-1.1727687634947008
2016-04-04,-0.9994363501743952
2016-04-05,-1.0006316514723514
2016-04-06,-0.8758632446178163
2016-04-07,-0.33804450434991695
2016-04-11,-0.20549119335637145
2016-04-12,0.4060287170455146
2016-04-13,-0.4690702448881855
2016-04-14,0.05408775348723627
2016-04-18,0.5471743136293321
2016-04-19,0.6503632367942902
2016-04-20,-0.6212059378892458
2016-04-21,0.1314767667081571
2016-04-25,3.1009433706981886
2016-04-26,0.9944513190284976
2016-04-27,-0.3926445858858094
2016-04-28,-0.9938299554162371
2016-05-02,0.11485744585472979
2016-05-03,-0.2393861077068471
2016-05-04,-0.6747784623705178
2016-05-05,-0.14192694558651753
2016-05-09,-0.723127731619353
2016-05-10,-0.35641620495636595
2016-05-11,-0.9795247253582642
2016-05-12,-0.49383856652387625
2016-05-16,-1.0341985134546525
2016-05-17,-0.4157159016662536
2016-05-18,-0.8649109693659304
2016-05-19,-0.2781065139827693
2016-05-23,3.133598131405985
2016-05-24,-1.02882789291922
2016-05-25,-1.3216867429798191
2016-05-26,-1.2856940861447528
2016-05-30,0.13234328951373708
2016-05-31,-0.31761958821503233
2016-06-01,-1.661220395937192
2016-06-02,-1.178335302639114
2016-06-06,-1.2856049023067373
2016-06-07,-0.558250902470018
2016-06-08,-0.32219111450140847
2016-06-09,-1.1823524199906732
2016-06-13,-0.8958349318218197
2016-06-14,-0.5676329299297214
2016-06-15,-0.12719029374161694
2016-06-16,-0.8171624667659285
2016-06-20,-0.7836999854727871
2016-06-21,-0.9255267770456577
2016-06-22,-0.6686695891333525
2016-06-23,-0.6428336484005801
2016-06-27,0.427513257743543
2016-06-28,-0.7490663969087294
2016-06-29,-0.720394713995812
2016-06-30,-0.9562275359115966
2016-07-11,0.12248533075840229
2016-07-12,-0.1674165367480095
2016-07-13,0.0023550769814557615
2016-07-14,-0.308375649035478
2016-07-18,-0.5643779376469146
2016-07-19,-0.2938771019163754
2016-07-20,-0.6520851972480012
2016-07-21,-0.4218716801972874
2016-07-25,0.4105952390539511
2016-07-26,-0.43174494210589787
2016-07-27,-0.486155246554256
2016-07-28,0.4368358954497853
2016-08-01,-0.8723720456925728
2016-08-02,0.09557896881699612
2016-08-03,-0.818843472837981
2016-08-04,-0.9425981116544122
2016-08-08,0.07237901238049593
2016-08-09,-0.16032170687886627
2016-08-10,-0.46992499841492863
2016-08-11,-0.5351781086508368
2016-08-15,-0.43129688958676426
2016-08-16,-0.4425647578130131
2016-08-17,0.7713614609671668
2016-08-18,-0.952167228749081
2016-08-22,0.7302318904312479
2016-08-23,-1.337936684073869
2016-08-24,-0.2581691363344818
2016-08-25,-0.5979558931216598
2016-08-29,0.3509467431676385
2016-08-30,-0.38874010539760406
2016-08-31,-0.24857462556959753
2016-09-01,-0.28125699970696383
2016-09-05,1.8513794550779423
2016-09-06,-0.7409869390168731
2016-09-07,-0.2690361359621134
2016-09-08,-0.502096195255259
2016-09-19,2.909173161678905
2016-09-20,-2.052706950747203
2016-09-21,-1.5263544333647245
2016-09-26,-1.761754178910589
2016-09-27,2.127253518945806
2016-09-28,0.7032601914841061
2016-09-29,-0.7862674854981382
2016-10-03,1.2302709965181875
2016-10-04,-0.680025522995162
2016-10-05,-1.7700088868000332
2016-10-06,-1.8407504989978594
2016-10-10,-1.246730683598885
2016-10-11,-0.7524711267708826
2016-10-12,-1.5495502244066786
2016-10-13,-1.8879087287611036
2016-10-17,0.5104287263625418
2016-10-18,-0.3178178468325763
2016-10-19,-0.7247047857377922
2016-10-20,0.3684041527836681
2016-10-24,0.5467981326045908
2016-10-25,-0.4765164148626324
2016-10-26,-1.4209354370313363
2016-10-27,-0.6615467537958295
2016-10-31,-0.1988831540078797
2016-11-01,-0.9198226862446854
2016-11-02,-1.1001124130441573
2016-11-03,0.006405366951277802
2016-11-07,1.026193754113689
2016-11-08,0.7886304699443931
2016-11-09,-0.4536991289590877
2016-11-10,1.1747455939649747
2016-11-14,0.36952758625340365
2016-11-15,1.3583984875251522
2016-11-16,1.0523855556107178
2016-11-17,-0.9087280628940853
2016-11-21,0.7448919227991659
2016-11-22,0.19875946456136795
2016-11-23,1.3480340002725966
2016-11-24,-1.1455748607100953
2016-11-28,0.1689116326581923
2016-11-29,-0.998767053873445
2016-11-30,0.2668249893833663
2016-12-01,0.0637051835474669
2016-12-05,-1.047664676842084
2016-12-06,-0.3957280251394686
2016-12-07,-0.4730522505424267
2016-12-08,-0.8995932220751189
2016-12-12,-0.3016420952760518
2016-12-13,-0.09291168342890177
2016-12-14,-0.397034607742653
2016-12-15,-0.5380812530293472
2016-12-19,-0.7005910136871959
2016-12-20,-0.24717636896917072
2016-12-21,-0.4909904019001703
2016-12-22,-0.45431392510719226
2016-12-26,0.21166103328710173
2016-12-27,0.3262562674276053
2016-12-28,-0.45370807335662755
2016-12-29,-0.3740452167384992
2017-01-02,-0.2812761034077813
2017-01-03,-0.7879183560787804
2017-01-04,-0.036331122787508385
2017-01-05,-0.7810025601641187
2017-01-09,0.8079264972792972
2017-01-10,-0.20302619411084954
2017-01-11,0.3666178603410368
2017-01-12,-0.7459489052100301
2017-01-16,0.1881696986285133
2017-01-17,-0.49700607049508605
2017-01-18,-0.9449119284346084
2017-01-19,-0.8633800198663768
2017-01-23,0.8136964029530316
2017-01-24,-0.14908362972453104
2017-01-25,-0.6746944748816761
2017-01-26,-0.9840929403847575
2017-01-30,-0.887705547163478
2017-01-31,-0.48044467530640145
2017-02-01,-0.8897465414854872
2017-02-02,-0.851063376611409
2017-02-06,-0.33762118451498535
2017-02-07,-0.5618335001203687
2017-02-08,0.13680500328421707
2017-02-09,-0.825325589525025
2017-02-13,0.4016622077627804
2017-02-14,-0.4001439176840914
2017-02-15,-0.3004353651791788
2017-02-16,-0.09418675465323323
2017-02-20,0.0840121824254697
2017-02-21,-0.7654637741292664
2017-02-22,-0.7918128179578475
2017-02-23,-0.6232922056045745
2017-02-27,0.23833004875634167
2017-02-28,-0.8294080525759452
2017-03-01,-0.8629538187097304
2017-03-02,-0.16513090929446328
2017-03-06,-0.23143743406310224
2017-03-07,-0.6209586870962686
2017-03-08,-0.5283299711447289
2017-03-09,-0.09218556211111795
2017-03-13,0.9159139558521333
2017-03-14,-1.0145687620260055
2017-03-15,-0.45720879328047204
2017-03-16,0.10267894415167622
2017-03-20,-0.9028612290661215
2017-03-21,-0.8815337554675826
2017-03-22,0.20987988721631312
2017-03-23,-0.3118287661553256
2017-03-27,-0.6134464085592788
2017-03-28,-0.6827434569093742
2017-03-29,0.12068688956890783
2017-03-30,-0.2700455896417956
2017-04-03,-0.3234757970350882
2017-04-04,-0.6326297101075667
2017-04-05,0.028066886747442066
2017-04-06,-0.5834477422072368
2017-04-10,-0.5831344116727902
2017-04-11,-0.444780087585506
2017-04-12,0.10547360678944229
2017-04-13,-0.41512655389745856
2017-04-17,0.12210039514272697
2017-04-18,0.024018394238588536
2017-04-19,-0.7873257250574823
2017-04-20,-0.24000505125223315
2017-04-24,0.23998739202072839
2017-04-25,0.04261666582988133
2017-04-26,-0.934513189845702
2017-04-27,-0.5324285395628321
2017-05-01,-0.12084810439689753
2017-05-02,-0.8377786949866691
2017-05-03,-0.17983008935908118
2017-05-04,-0.30692563331522904
2017-05-08,-0.10450358276409166
2017-05-09,-0.08227163887583311
2017-05-10,-0.7971243275709663
2017-05-11,-0.16767768030726915
2017-05-15,-0.7383910536578007
2017-05-16,-0.18807949158134663
2017-05-17,-0.8213036347877025
2017-05-18,-0.6755311753181954
2017-05-22,-0.10146749567686142
2017-05-23,-0.0013642410860457144
2017-05-24,-0.4036889579748473
2017-05-25,-0.48753066957664126
2017-05-29,-0.17692484291779687
2017-05-30,-0.10978151598440455
2017-05-31,-0.8357543503748256
2017-06-01,-0.7154311889269562
2017-06-05,0.6492394817539632
2017-06-06,-0.23434613541600224
2017-06-07,-0.6432329478490074
2017-06-08,0.3767667797861829
2017-06-12,-0.4344364407977179
2017-06-13,-0.921626042151542
2017-06-14,-0.4266266171636307
2017-06-15,-0.38146096493004344
2017-06-19,2.3845587277609033
2017-06-20,0.6818446186637439
2017-06-21,4.2181194600191585
2017-06-22,-0.4106254582637283
2017-07-03,-0.4612226588618682
2017-07-04,1.66332925812915
2017-07-05,-1.3937070328525891
2017-07-06,-0.7915014584054383
2017-07-10,-0.9680673183629349
2017-07-11,-1.317556995720609
2017-07-12,-0.5073479140488688
2017-07-13,-1.2378433127903632
2017-07-17,-0.8203760003670748
2017-07-18,-0.6832486252203698
2017-07-19,-0.7937153606695524
2017-07-20,-0.5814616955300722
2017-07-24,-0.8610097778988004
2017-07-25,-0.6266366802810165
2017-07-26,-0.584391597278451
2017-07-27,-0.6046164132735198
2017-07-31,0.19997319261507784
2017-08-01,-0.7000058880710873
2017-08-02,-0.5776268499728733
2017-08-03,-0.8486733457002541
2017-08-07,-0.5172468066832429
2017-08-08,-0.4608206773083082
2017-08-09,-0.7918313212227389
2017-08-10,-0.6889019159914581
2017-08-14,-0.23419455359959984
2017-08-15,-0.5549288337451033
2017-08-16,-0.4313764277293587
2017-08-17,-0.10624734138336034
2017-08-21,-0.20837178348453889
2017-08-22,-0.45059497315360075
2017-08-23,-0.6658393418219054
2017-08-24,-0.4640667843007341
2017-08-28,-0.5083484738056724
2017-08-29,-0.6708302648781769
2017-09-06,-0.07373697601220053
2017-09-07,-0.029869816239579516
2017-09-11,-0.10401540950547816
2017-09-12,-0.4764867084150588
2017-09-13,-0.4244818984947505
2017-09-14,-0.6479787589860265
2017-09-18,-0.4269223294139769
2017-09-19,-0.11092906714704376
2017-09-20,-0.36728101621065923
2017-09-21,-0.632751220998535
2017-09-25,0.6504346712959229
2017-09-26,-0.6628779029990882
2017-09-27,-0.8725321364956515
2017-09-28,-0.22386646327100845
2017-10-02,-0.019217671435551975
2017-10-03,-0.6218977887097414
2017-10-04,-0.3560410181651089
2017-10-05,-0.46680976586049894
2017-10-09,1.1303850001222664
2017-10-10,-0.4191104535579595
2017-10-11,0.7694761744925591
2017-10-12,0.07060912125019736
2017-10-16,-1.2438315064796444
2017-10-17,-1.1559990831010902
2017-10-18,-0.5419235875366657
2017-10-19,-0.21779860463482237
2017-10-23,0.6701929153553283
2017-10-24,-1.3357614860833533
2017-10-25,-1.014912223979043
2017-10-26,-1.2197055672249628
2017-10-30,-0.7123795256055625
2017-10-31,-0.933021403431322
2017-11-01,-0.8801451072133044
2017-11-02,-0.9331641108045161
2017-11-06,-0.5926292911752
2017-11-07,-0.1645008055270628
2017-11-08,-0.8879583811425411
2017-11-09,-0.6731089061872583
2017-11-13,-0.8207022656623
2017-11-14,-0.6319412137730629
2017-11-15,0.14699038436138234
2017-11-16,-0.8604194947797731
2017-11-20,0.6675180043639256
2017-11-21,-0.9067166313479686
2017-11-22,-0.3871105542921527
2017-11-23,-0.2718555805509979
2017-11-27,-0.19817506106532168
2017-11-28,-0.652711353349506
2017-11-29,-0.9173696838843043
2017-11-30,-0.45648247552806076
2017-12-04,0.4993435759481816
2017-12-05,-0.206933638613088
2017-12-06,-0.29479873448977634
2017-12-07,0.0002851819654567933
2017-12-11,-0.709744687842779
2017-12-12,-0.553170517204973
2017-12-13,-0.3688120906238477
2017-12-14,-0.582383832958138
2017-12-18,0.8421698786714737
2017-12-19,-0.7837326336392543
2017-12-20,-0.6452808844072293
2017-12-21,-0.6971973311392542
2017-12-25,0.1356873126821152
2017-12-26,-0.3500936868344041
2017-12-27,-0.5187791039755891
2017-12-28,-0.43353551489578024
2018-01-01,-0.23872827136592367
2018-01-02,-0.53007105298174
2018-01-03,-0.04428805010095993
2018-01-04,-0.11406034031701318
2018-01-08,-0.39469725044469095
2018-01-09,-0.4359658583223598
2018-01-10,-0.629959690849476
2018-01-11,-0.24543266673735242
2018-01-15,1.174031495594169
2018-01-16,-0.2795856199875676
2018-01-17,-0.7320083064912638
2018-01-18,-0.6800200006816747
2018-01-22,0.06595394541652866
2018-01-23,-0.5728861153799832
2018-01-24,-0.5880293953795535
2018-01-25,-0.19293902769392435
2018-01-29,-0.18598194777942323
2018-01-30,0.012646941782744836
2018-01-31,-0.5796951574388757
2018-02-01,-0.6984234299212838
2018-02-05,0.20052431493336553
2018-02-06,0.704009839130927
2018-02-07,-0.5854430674821489
2018-02-08,-0.9761190145797674
2018-02-12,-0.6807907619093732
2018-02-13,-0.7860596120984423
2018-02-14,-0.8361655535671172
2018-02-15,0.30395494113555677
2018-02-19,-0.7461098969061964
2018-02-20,-0.5068911412048531
2018-02-21,-0.8391133072712001
2018-02-22,-0.555471363969879
2018-02-26,-0.06307707035162025
2018-02-27,-0.8177094337717249
2018-02-28,-0.22018231684987866
2018-03-01,-0.8081865196233787
2018-03-05,-0.25259027703642556
2018-03-06,0.1553248556571436
2018-03-07,-0.6895524877909508
2018-03-08,0.6039948486806566
2018-03-12,1.920239494179257
2018-03-13,-0.5156779194492905
2018-03-14,-0.7062077681429612
2018-03-15,-0.3790021478027922
2018-03-19,-0.3850461522824664
2018-03-20,-0.5815909537836713
2018-03-21,-0.3158828844558704
2018-03-22,0.2013468729461909
2018-03-26,-0.6476502783217221
2018-03-27,0.2832062913793446
2018-03-28,-0.10744204602797103
2018-03-29,-0.4331860833473108
2018-04-02,0.29062292728760586
2018-04-03,-0.6253617597949497
2018-04-04,0.028111618380126546
2018-04-05,0.08745840629082302
2018-04-09,-0.6763796314906438
2018-04-10,-0.4674673686266425
2018-04-11,1.0605839037563083
2018-04-12,-0.7730899538383105
2018-04-16,1.7315381467057367
2018-04-17,-0.7680871692026034
2018-04-18,-0.5539111140651232
2018-04-19,0.5065897897475704
2018-04-23,-0.4262396324318559
2018-04-24,-0.5933737642898851
2018-04-25,0.09245195164430065
2018-04-26,-0.7388533548189193
2018-04-30,-0.48224414546214944
2018-05-01,-0.3664034143968865
2018-05-02,-0.28273153041064236
2018-05-03,-0.7878249876571833
2018-05-07,-0.797439537799548
2018-05-08,0.41387100228184515
2018-05-09,0.5218373335672541
2018-05-10,-0.6485892217093447
2018-05-14,0.7657748301309992
2018-05-15,-0.5977428296364045
2018-05-16,-0.0947263968651646
2018-05-17,-0.36200209070996103
2018-05-21,-0.8151571352513092
2018-05-22,-0.4547595198170311
2018-05-23,-0.8969086959241903
2018-05-24,-0.9472026204703671
2018-05-28,0.00896652046271429
2018-05-29,-0.46790867991020124
2018-05-30,-0.8553968602754425
2018-05-31,0.9349724831060793
2018-06-04,1.0498960850189976
2018-06-05,-0.25412754694448014
2018-06-06,-0.44931035527212326
2018-06-07,-0.379465763824003
2018-06-11,0.31546374096418717
2018-06-12,-0.5816919328968007
2018-06-20,0.30135729441278913
2018-06-21,-0.5141527896349516
2018-06-25,0.5771223140825976
2018-06-26,-0.35257481917385824
2018-06-27,-0.7958592295537705
2018-06-28,-0.9183168797519787
2018-07-02,-0.45783433938490303
2018-07-03,-0.48550497244052826
2018-07-04,-0.7266081880643275
2018-07-05,-0.03361998772177177
2018-07-09,0.9267756856515544
2018-07-10,0.03513653389384541
2018-07-11,-0.42063296812391326
2018-07-12,-0.5720539865705936
2018-07-16,0.6682397317288672
2018-07-17,-0.4076059576534484
2018-07-18,-0.7315930316908626
2018-07-19,-0.8150701162529852
2018-07-23,-0.797652120186516
2018-07-24,-0.28674402840785373
2018-07-25,-0.780048765309269
2018-07-26,-0.4232891251561014
2018-07-30,-0.1277870685480631
2018-07-31,-0.7278912290618237
2018-08-01,-0.7761726184353643
2018-08-02,-0.3796410356856623
2018-08-06,-0.5551577347653923
2018-08-07,-0.6068233588802447
2018-08-08,-0.37377071497659775
2018-08-09,-0.39590485640878204
2018-08-13,2.952316726572908
2018-08-14,-1.3709015965356381
2018-08-15,-1.5272777487784537
2018-08-16,-1.6303379191785488
2018-08-27,0.10443283638392997
2018-08-28,-1.1677483042386687
2018-08-29,-1.0924514912536636
2018-08-30,-0.43158366353354904
2018-09-03,-1.305182726838344
2018-09-04,-0.8857465039723331
2018-09-05,2.03308175890023
2018-09-06,-1.7297278246206513
2018-09-10,-1.4146781065703995
2018-09-11,-1.471867990795942
2018-09-12,-0.7935386462514726
2018-09-13,-0.9530502168862007
2018-09-17,-1.0933205787435392
2018-09-18,-0.8834690322192387
2018-09-19,-0.16157396875395436
2018-09-20,-0.7842018417847061
2018-09-25,0.5598403969488617
2018-09-26,-0.7598816917262721
2018-09-27,-1.0009935620106072
2018-10-01,0.7482395661629331
2018-10-02,-0.09752328147215683
2018-10-03,-0.6483422342477039
2018-10-04,-0.8003908507632898
2018-10-08,-0.19587459677150543
2018-10-09,-0.582195898271494
2018-10-10,-0.0980446440962448
2018-10-11,2.886551226031793
2018-10-15,-1.2467306867326418
2018-10-16,-0.5760252425705876
2018-10-17,-1.5916660705135357
2018-10-18,-1.5368121965503232
2018-10-22,-1.561154438853803
2018-10-23,-0.16739507283621968
2018-10-24,-1.1211491721553615
2018-10-25,2.8491192380503128
2018-10-29,-1.2228612547842233
2018-10-30,-1.0254152507941094
2018-10-31,-0.3199325812922449
2018-11-01,-0.7461309927482533
2018-11-05,-0.15586076166940455
2018-11-06,-0.9655607556876897
2018-11-07,-0.8680745080144447
2018-11-08,-0.4512859153711344
2018-11-12,-0.5906323804764173
2018-11-13,-0.6760293122444381
2018-11-14,0.1895395352770738
2018-11-15,-0.9574841872765649
2018-11-19,0.28341900514037
2018-11-20,-0.5518941236318327
2018-11-21,-0.9327299919401058
2018-11-22,0.153945603661493
2018-11-26,0.09334364387271266
2018-11-27,-0.48567523984703564
2018-11-28,-0.33383770638148347
2018-11-29,-0.18128571719809328
2018-12-03,1.6576424397670808
2018-12-04,-0.5735103495757549
2018-12-05,-0.6207825390903855
2018-12-06,-0.4915412008298998
2018-12-10,-0.578154505769188
2018-12-11,-0.6134962814093382
2018-12-12,-0.22811073662641312
2018-12-13,-0.593509472913606
2018-12-17,-0.18100001544604372
2018-12-18,-0.41769835182447657
2018-12-19,0.2445672993631003
2018-12-20,0.3566677785156005
2018-12-24,-0.8072220504800267
2018-12-25,-0.4511156996898522
2018-12-26,-0.9889225767553045
2018-12-27,-0.460748025470459
2018-12-31,0.019152642766497086
2019-01-01,-0.45089915661652336
2019-01-02,-0.8066677618656094
2019-01-03,-0.35657767718571043
2019-01-07,1.849673865466996
2019-01-08,-0.7377925973280884
2019-01-09,0.19818168527679925
2019-01-10,-0.15134925813082034
2019-01-14,-0.1595002568969428
2019-01-15,0.05497619499647055
2019-01-16,-0.1621892498578532
2019-01-17,-0.3497209729578733
2019-01-21,-0.13228016152865152
2019-01-22,-0.7821373153172244
2019-01-23,0.02698345218448761
2019-01-24,-0.3268085510590414
2019-01-28,1.4521764896587124
2019-01-29,-0.11394294267583194
2019-01-30,-0.8199736000733143
2019-01-31,-0.5280735764526551
2019-02-04,-0.3609811784947452
2019-02-05,0.43467943311098955
2019-02-06,-0.7788082683696885
2019-02-07,-0.5079908985295314
2019-02-11,0.026145381781025212
2019-02-12,-0.12040037256289515
2019-02-13,-0.6696957367291273
2019-02-14,-0.72903894173591
2019-02-18,-0.11203019792021252
2019-02-19,-0.2581611385179211
2019-02-20,-0.20182311229639016
2019-02-21,-0.568778627807085
2019-02-25,0.5198252308146417
2019-02-26,-0.6388505478488506
2019-02-27,-0.7792401807020685
2019-02-28,-0.7148479635470636
2019-03-04,-0.07440913768909585
2019-03-05,-0.7477909786664539
2019-03-06,-0.5095893409891563
2019-03-07,-0.210419863152693
2019-03-11,-0.29851944357811466
2019-03-12,-0.5841330236612838
2019-03-13,0.09247886719631881
2019-03-14,-0.2561702938885555
2019-03-18,-0.07352081865337701
2019-03-19,-0.7719036604987262
2019-03-20,-0.5316867820269616
2019-03-21,0.02264514357030878
2019-03-25,-0.21169381453037595
2019-03-26,-0.6292694632498265
2019-03-27,0.22224898084655687
2019-03-28,-0.592194734465507
2019-04-01,0.4224810195569282
2019-04-02,-0.43131330289461856
2019-04-03,-0.2356231452671782
2019-04-04,0.07589139569177639
2019-04-08,-0.3443933870033732
2019-04-09,-0.6329597802967558
2019-04-10,-0.4104236686636995
2019-04-11,-0.630857219304394
2019-04-15,-0.6923196353566066
2019-04-16,-0.14741983556157034
2019-04-17,0.32156041209565156
2019-04-18,-0.14888273730940904
2019-04-22,-0.7357637886082117
2019-04-23,-0.3753286842770496
2019-04-24,-0.6489516778253647
2019-04-25,-0.3273973892175125
2019-04-29,-0.680540897131023
2019-04-30,-0.4195461754190192
2019-05-01,-0.1100544232266647
2019-05-02,-0.3682185315588804
2019-05-06,2.482516830086909
2019-05-07,-1.1139774814266763
2019-05-08,-0.9552422187917566
2019-05-09,-1.1346833418303521
2019-05-13,4.196398921499361
2019-05-14,-2.436561117096033
2019-05-15,-1.3958722168399018
2019-05-16,-0.9970048460816856
2019-05-20,-0.44524211311726214
2019-05-21,-0.657080135257663
2019-05-22,-1.798512181113551
2019-05-23,-0.541993036781586
2019-05-27,-0.3912761336789923
2019-05-28,0.09092894714197008
2019-05-29,-0.20260450448211476
2019-05-30,-0.6729028103167118
2019-06-10,1.9114795606261987
2019-06-11,-0.5137313507829921
2019-06-12,-0.8104984407964528
2019-06-13,0.2033335140469399
2019-06-17,-1.1910248387764317
2019-06-18,-1.2823439192726545
2019-06-19,-0.7079465300841685
2019-06-20,-0.7071919237736843
2019-06-24,1.6657702737481097
2019-06-25,-1.070273989005129
2019-06-26,-1.3449791758019582
2019-06-27,-0.45359121363618615
2019-07-01,-1.0457813128901565
2019-07-02,-1.175895132458781
2019-07-03,-1.174498667981921
2019-07-04,-1.2003759682195108
2019-07-08,-1.0038608883955666
2019-07-09,-0.8363628289724063
2019-07-10,-0.5498408802413324
2019-07-11,-0.40265952259749227
2019-07-15,-0.2322361950762195
2019-07-16,-0.7339474675227081
2019-07-17,-0.8980182411021014
2019-07-18,-0.4092946617356914
2019-07-22,0.4894896306267399
2019-07-23,0.055081961978765914
2019-07-24,-1.1471931439889127
2019-07-25,-0.6802199303032794
2019-07-29,-0.0041826398728970204
2019-07-30,-0.9062885594160226
2019-07-31,-0.9746578484400135
2019-08-01,-0.2592257220473715
2019-08-05,1.2533213858258039
2019-08-06,-0.8335292931450131
2019-08-07,-0.23503983078869473
2019-08-08,-0.5938223376327443
2019-08-19,-1.1528027894974533
2019-08-20,-0.9426692393134561
2019-08-21,-0.1397473523846866
2019-08-22,-0.4815887981381515
2019-08-26,1.0233540667465384
2019-08-27,-0.966584808939525
2019-08-28,-0.04632797284816781
2019-08-29,0.27619738449160214
2019-09-02,-1.1913631817306687
2019-09-03,-1.0313189310400244
2019-09-04,0.30677282401646
2019-09-05,-1.2023937052048792
2019-09-09,-1.262079921709368
2019-09-10,-0.07714709478997106
2019-09-11,0.03311536844937524
2019-09-12,-1.1839920006343272
2019-09-16,-1.2698449485556218
2019-09-17,-0.4918315085391236
2019-09-18,-0.46973847283627834
2019-09-19,0.18219920761649244
2019-09-24,0.591876537390001
2019-09-25,-0.36336530556632995
2019-09-26,-0.997517671852673
2019-09-30,-0.20215679131513042
2019-10-01,-0.3984788457883448
2019-10-02,-0.11671796563385173
2019-10-03,-0.2718237812843315
2019-10-07,-0.5524710445086309
2019-10-08,-0.4813172864490747
2019-10-09,0.4611597885634606
2019-10-10,-1.0390645775096197
2019-10-14,0.09718065151846966
2019-10-15,0.2440266071959647
2019-10-16,-0.6773536948517405
2019-10-17,0.30201962421192374
2019-10-21,0.35020771656730787
2019-10-22,0.08400269887568701
2019-10-23,-1.0578266865881594
2019-10-24,-0.7620097471246077
2019-10-28,0.7009359426377317
2019-10-29,-0.1803614453364879
2019-10-30,0.13373352997281174
2019-10-31,-0.5102682507663365
2019-11-04,-0.03938541442444987
2019-11-05,0.5220743643914594
2019-11-06,-0.6587179409882598
2019-11-07,-0.5249802612670824
2019-11-11,0.4283968513147738
2019-11-12,-0.4581608870240814
2019-11-13,-0.2911476190137374
2019-11-14,-0.9363196281111086
2019-11-18,-0.007598621327180033
2019-11-19,-0.4554779615296608
2019-11-20,-0.8646303205402276
2019-11-21,-0.7960528622378287
2019-11-25,-0.21772804926106415
2019-11-26,0.7938500849302452
2019-11-27,-0.9960883546281321
2019-11-28,-0.9621269444112532
2019-12-02,-0.7311679591346554
2019-12-03,-0.35174020271296325
2019-12-04,-0.7728209728373686
2019-12-05,-0.5007459756325738
2019-12-09,1.7403582956900203
2019-12-10,-0.008658753425833665
2019-12-11,-0.14859046658751973
2019-12-12,0.7261183504747626
2019-12-16,0.5614528596139761
2019-12-17,-0.5350793027438474
2019-12-18,-0.49373612499705066
2019-12-19,-0.657242316030612
2019-12-23,0.4469488163002344
2019-12-24,-0.8555328678860207
2019-12-25,0.04465393298234821
2019-12-26,-0.811972420841984
2019-12-30,-0.862014545323067
2019-12-31,-0.3814137357078883
2020-01-01,-0.47981085163650283
2020-01-02,-0.4057239486879004
2020-01-06,1.4840552194543744
2020-01-07,-1.298012121544758
2020-01-08,-0.43965397677456663
2020-01-09,1.4846745110644322
2020-01-13,-0.24084913844494427
2020-01-14,-0.8677282849701544
2020-01-15,-0.5213660821144208
2020-01-16,-0.701620442779908
2020-01-20,-0.9004149654213105
2020-01-21,-0.6572506151308986
2020-01-22,-0.7423920632069158
2020-01-23,-0.4438444465852933
2020-01-27,0.9902923963223904
2020-01-28,-1.3196316133229056
2020-01-29,-0.9924848399588433
2020-01-30,-0.4850016221195603
2020-02-03,0.2848089943093737
2020-02-04,-0.8981403057580095
2020-02-05,-0.7383608054507533
2020-02-06,-0.7570781889944724
2020-02-10,-0.2838617576423279
2020-02-11,-0.37952434448709904
2020-02-12,-0.8244617466963657
2020-02-13,-0.628177899202988
2020-02-17,-1.063291834883721
2020-02-18,-0.871039853063734
2020-02-19,0.39520580684578843
2020-02-20,-0.5630609265109898
2020-02-24,1.522306093808869
2020-02-25,-1.3370757370826345
2020-02-26,-1.0794786126738194
2020-02-27,-0.5844602037139364
2020-03-02,1.3355333249215833
2020-03-03,0.9703649939685595
2020-03-04,-1.4448164100426273
2020-03-05,-1.136287683677469
2020-03-09,8.5241491642119
2020-03-10,0.6467672796287971
2020-03-11,-3.8198567259311904
2020-03-12,-3.898313944040636
2020-03-16,-0.7011609303638773
2020-03-17,-3.2711687279973507
2020-03-18,-5.078866011474363
2020-03-19,-3.62992021190313
2020-03-23,-0.738821486759794
2020-03-24,-1.3604858655152476
2020-03-25,-4.572852170528892
2020-03-26,-2.45725988674407
2020-03-30,-3.3862350730721005
2020-03-31,-1.699870132225222
2020-04-01,-2.5820052166845704
2020-04-02,-0.5438678676352455
2020-04-06,-1.5074198346813805
2020-04-07,-1.0636995377129432
2020-04-08,-2.4502732986986033
2020-04-09,-2.2645501380520674
2020-04-13,0.4017807252591643
2020-04-14,-1.1106903064058646
2020-04-15,-1.3209893198744003
2020-04-16,0.2149579666109811
2020-04-20,-2.026105788531396
2020-04-21,-0.7153700399831933
2020-04-22,-1.2080290611124318
2020-04-23,-0.9571389138034847
2020-04-27,1.434946251547979
2020-04-28,-1.141490846920492
2020-04-29,-0.27202963270587954
2020-04-30,0.17158488547828665
2020-05-04,3.7900500443323395
2020-05-05,-1.3682005325111968
2020-05-06,-2.5751088787408922
2020-05-07,-2.8063148782725227
2020-05-11,-2.582251040573687
2020-05-12,-1.4347481212825244
2020-05-13,-2.0278023482003613
2020-05-14,-2.171837147992148
2020-05-18,0.8221197592881211
2020-05-19,-0.489462810634115
2020-05-20,-1.7316654896457166
2020-05-21,-1.677880748396094
2020-06-01,1.6520114704515902
2020-06-02,-1.220921734147972
2020-06-03,-0.576707157927399
2020-06-04,-1.2680464024264033
2020-06-08,-0.03429153203587654
2020-06-09,-0.9644010957024647
2020-06-10,-1.1121035691283658
2020-06-11,-0.8668326579174319
2020-06-15,-0.49631028444504044
2020-06-16,-0.396013844436075
2020-06-17,-0.9943942739303677
2020-06-18,-0.3546013148407037
2020-06-22,0.22959028405893878
2020-06-23,-0.9186277784353309
2020-06-24,-0.3804129978599209
2020-06-25,-0.7021008487325842
2020-06-29,-0.2301072553578546
2020-06-30,-0.10443372838614273
2020-07-01,-0.5398149817748126
2020-07-02,-0.16690072842996262
2020-07-06,0.07074589562553546
2020-07-07,-0.8619920074896625
2020-07-08,-0.7326212632064023
2020-07-09,-0.5377436286693863
2020-07-13,-0.72348505813636
2020-07-14,-0.38306868023151475
2020-07-15,-0.2572439552879222
2020-07-16,-0.6971453818407357
2020-07-20,-0.143734430365263
2020-07-21,-0.22437953807511057
2020-07-22,-0.6802161878007283
2020-07-23,-0.736010795705742
2020-07-27,-0.37645314300715194
2020-07-28,-0.7345076381413742
2020-08-05,-0.6016581993459675
2020-08-06,-0.34656897691135424
2020-08-10,-0.2784302921158711
2020-08-11,0.42091409518742995
2020-08-12,-0.5708778434823959
2020-08-13,0.003894709866374857
2020-08-17,-0.09687720168349268
2020-08-18,0.44816294603444373
2020-08-19,-0.5728474993324744
2020-08-20,-0.5372856671657235
2020-08-24,0.7390385898484271
2020-08-25,-0.36498723925598464
2020-08-26,-0.521562178102114
2020-08-27,-0.4393829048558532
2020-08-31,-0.6217537593835959
2020-09-01,-0.21860815048585092
2020-09-02,0.7285202587028374
2020-09-03,-0.45390599314703595
2020-09-07,-0.7286474004255301
2020-09-08,-0.25764818326711203
2020-09-09,-0.5488249600352
2020-09-10,-0.03497782067998656
2020-09-14,0.6978877248086626
2020-09-15,-0.05947802303454863
2020-09-16,-0.4845282995007879
2020-09-17,-0.40847630174138205
2020-09-21,-0.1647440762003498
2020-09-22,-0.2582175433859566
2020-09-24,-0.7184378285409478
2020-09-28,0.4469873161345759
2020-09-29,-0.1221845743994513
2020-09-30,-0.5991546672734702
2020-10-01,-0.722291663571047
2020-10-05,-0.3425234600464988
2020-10-06,0.5911338211951026
2020-10-07,-0.5499715241765344
2020-10-08,-0.142227155663726
2020-10-12,0.739464601390524
2020-10-13,-0.24099330100972605
2020-10-14,-0.5452238315997477
2020-10-15,-0.30025408596431724
2020-10-19,-0.7095970000441609
2020-10-20,-0.5852098339511425
2020-10-21,-0.3495413346254995
2020-10-22,-0.6103022836802491
2020-10-26,2.0630180435840932
2020-10-27,-1.1121196064620475
2020-10-28,-1.0129532538056738
2020-10-29,0.44287614641466533
2020-11-02,-0.3439900758063401
2020-11-03,-1.5417446998515831
2020-11-04,-0.6193180029469627
2020-11-05,-1.5436234136405025
2020-11-09,1.7902529032392158
2020-11-10,-1.2773258942296135
2020-11-11,-0.9513357714960982
2020-11-12,-1.0357699013524282
2020-11-16,-0.14452303094020214
2020-11-17,-0.7046957852328506
2020-11-18,-0.5998395867188633
2020-11-19,-0.5089090432082657
2020-11-23,-0.6249818000793481
2020-11-24,-0.7105443860517446
2020-11-25,-0.36350110590603324
2020-11-26,-0.8958326171659226
2020-11-30,-0.2797570088663346
2020-12-01,-0.5158821504339648
2020-12-02,-0.5311213595246486
2020-12-03,-0.6327226200087385
2020-12-07,-0.37694245636890333
2020-12-08,-0.6141072861353982
2020-12-09,-0.21040977735423172
2020-12-10,-0.5601678114818098
2020-12-14,-0.5780477584480337
2020-12-15,-0.7280991468466075
2020-12-16,-0.039446579938625326
2020-12-17,-0.5673298285257301
2020-12-21,0.8072536071457517
2020-12-22,0.6525115810617557
2020-12-23,-0.7236503864998087
2020-12-24,-0.7767705575040635
2020-12-28,-0.8562537609856091
2020-12-29,-0.6116881251695219
2020-12-30,-0.8013627923264237
2020-12-31,-0.13782692702470178
2021-01-04,-0.7406561097215724
2021-01-05,-0.698271164920017
2021-01-06,-0.7344237345745144
2021-01-07,-0.07552499341896968
2021-01-11,0.6089658694314588
2021-01-12,-0.7811074063898479
2021-01-13,-0.5083629881848435
2021-01-14,-0.5598525833540097
2021-01-18,-0.3975549372213769
2021-01-19,-0.4082455095094186
2021-01-20,-0.5156363925215652
2021-01-21,-0.7462279791940247
2021-01-25,-0.4279041613684478
2021-01-26,-0.17894521847674127
2021-01-27,-0.7734397633584584
2021-01-28,-0.48460803290658616
2021-02-01,0.680495442172939
2021-02-02,-0.8940228842626894
2021-02-03,-0.294694761192829
2021-02-04,-0.09670349639233411
2021-02-08,1.1166969197941032
2021-02-09,-0.2373217320557175
2021-02-10,-0.9115436422126375
2021-02-11,-0.48237636693536545
2021-02-15,0.5900361528970698
2021-02-16,-0.7766175143970198
2021-02-17,-0.5874965560207946
2021-02-18,-0.21040107990808898
2021-02-22,-0.20778629731365705
2021-02-23,-0.05013073298279669
2021-02-24,-0.3646728736610372
2021-02-25,0.057118751056430606
2021-03-01,-0.1739840948549265
2021-03-02,0.3833444848160945
2021-03-03,-0.24212133039103112
2021-03-04,-0.07349129826748213
2021-03-08,0.5866299639905777
2021-03-09,0.09605062811932596
2021-03-10,0.3379949189742101
2021-03-11,-0.5937243318903112
2021-03-15,-0.22387501010583588
2021-03-16,-0.6848967711315335
2021-03-17,-0.18519035943692874
2021-03-18,0.20350834922701677
2021-03-22,-0.18399179683446676
2021-03-23,-0.3195138005313064
2021-03-24,-0.6915791838312016
2021-03-25,-0.45345038020471795
2021-03-29,1.225197104979154
2021-03-30,-0.8235098000864327
2021-03-31,1.8479774943255933
2021-04-01,-0.498322638066783
2021-04-05,-0.20419571147391335
2021-04-06,-0.6514109758974312
2021-04-07,-0.5864183713993731
2021-04-08,-0.7240571170669557
2021-04-12,0.14263704774213926
2021-04-13,-0.31006212186242177
2021-04-14,-0.7233237606237213
2021-04-15,0.5515772496272393
2021-04-19,0.12747050299805218
2021-04-20,-0.7567981571052911
2021-04-21,-0.5490327615788545
2021-04-22,-0.4094222264565137
2021-04-26,0.13933382539767847
2021-04-27,-0.5008014896729135
2021-04-28,1.699698022376709
2021-04-29,0.3087202529772989
2021-05-03,-0.032649419441286964
2021-05-04,-0.831608005309523
2021-05-05,-0.3830168767891373
2021-05-06,-0.7982743193328277
2021-05-10,0.01163524462624943
2021-05-17,-0.2602984630298343
2021-05-18,-0.691102096760874
2021-05-19,-0.3479007819356046
2021-05-20,-0.5747465531326399
2021-05-24,-0.6660741413833217
2021-05-25,0.44510602453929626
2021-05-26,-0.6753827893389602
2021-05-27,-0.3749557665818458
2021-05-31,-0.5196855893738076
2021-06-01,-0.3588545159766614
2021-06-02,-0.2335709390164027
2021-06-03,-0.4054763863433888
2021-06-07,-0.5727499251309088
2021-06-08,-0.6027302148078529
2021-06-09,-0.2226792780761353
2021-06-10,-0.6966862655066715
2021-06-14,0.35496023657581965
2021-06-15,0.041875367835380484
2021-06-16,-0.5292533236446368
2021-06-17,-0.7354325334740366
2021-06-21,-0.7041566838222847
2021-06-22,-0.4533840936297051
2021-06-23,-0.729163972556268
2021-06-24,-0.5019367240304258
2021-06-28,-0.3985360213514586
2021-06-29,-0.3878951556200011
2021-06-30,-0.5552468611288167
2021-07-01,-0.6515616297891212
2021-07-05,-0.4959964577211686
2021-07-06,-0.4170890524635549
2021-07-07,-0.6022181620807382
2021-07-08,0.3072512057500869
2021-07-12,0.05971866858606001
2021-07-13,-0.5000189333094497
2021-07-14,-0.53512394028803
2021-07-15,-0.7762459138181902
2021-07-26,0.06066137221897194
2021-07-27,-0.7549484910429892
2021-07-28,-0.700641051322965
2021-07-29,-0.10448129477092494
2021-08-02,0.44596000547686976
2021-08-03,-0.4356394124580727
2021-08-04,-0.3034561960631761
2021-08-05,-0.3432612363368156
2021-08-09,-0.6278063246392378
2021-08-10,0.14983790531528307
2021-08-11,-0.5944730122634796
2021-08-12,-0.6777950200642472
2021-08-16,-0.6935479629598541
2021-08-17,-0.0947875814236433
2021-08-18,-0.26946420885217204
2021-08-19,0.30659388468362325
2021-08-23,0.0787289835796221
2021-08-24,-0.18079194966656265
2021-08-25,-0.8518276121394971
2021-08-26,-0.6663847133859767
2021-08-30,0.2355933436951737
2021-08-31,-0.3979128408590683
2021-09-01,-0.7012328892877879
2021-09-02,-0.75861173929492
2021-09-06,-0.044513587332909
2021-09-07,-0.7749774482001255
2021-09-08,-0.43439941356650735
2021-09-09,-0.40699783355489805
2021-09-13,-0.5100101165593736
2021-09-14,-0.6659207582907714
2021-09-15,-0.3984808407770356
2021-09-16,-0.6608956834146513
2021-09-20,0.012907838955374507
2021-09-21,-0.756302175931433
2021-09-22,-0.4301549743202244
2021-09-27,0.1163674851691856
2021-09-28,-0.719156692679413
2021-09-29,-0.7412033695458143
2021-09-30,0.21877388969216227
2021-10-04,-0.42024520864492987
2021-10-05,0.018926157648018194
2021-10-06,-0.6593489553985951
2021-10-07,-0.5886286207659615
2021-10-11,-0.08321101001282372
2021-10-12,-0.46119667357237293
2021-10-13,-0.06459094008892863
2021-10-14,-0.17771821605216798
2021-10-18,-0.3083516546145072
2021-10-19,-0.4986226131869679
2021-10-20,0.17059387037330864
2021-10-21,-0.5063730072827173
2021-10-25,-0.27583179096888
2021-10-26,-0.406139338913841
2021-10-27,-0.45667727023116234
2021-10-28,-0.3809547086178616
2021-11-01,-0.49529016225977907
2021-11-02,-0.46336779736558265
2021-11-03,-0.2058515204258241
2021-11-04,-0.16154161428197122
2021-11-08,0.00334585791258335
2021-11-09,0.0145927949488881
2021-11-10,0.09321952969110248
2021-11-11,-0.5231806116753949
2021-11-15,-0.2629949102625968
2021-11-16,-0.7638660168662017
2021-11-17,-0.7287483123244554
2021-11-18,0.1257825227028927
2021-11-22,2.2439082415248306
2021-11-23,-1.050396528783812
2021-11-24,-1.0086865045670992
2021-11-25,-1.2498717391240184
2021-11-29,1.6268174188475726
2021-11-30,-2.4745424015036854
2021-12-01,-1.420810569025301
2021-12-02,-1.928323105764671
2021-12-06,-0.8166965821492442
2021-12-07,-1.227640769075553
2021-12-08,-0.7019057422685864
2021-12-09,-1.3118333838032579
2021-12-13,-0.8306996801653177
2021-12-14,-1.5118857703423358
2021-12-15,-0.3696381014187453
2021-12-16,0.06563798842549629
2021-12-20,-0.02212927087997052
2021-12-21,-0.4750182785291812
2021-12-22,-0.7348890805187505
2021-12-23,-0.5972658623390175
2021-12-27,-0.224651730275939
2021-12-28,0.25003011197972946
2021-12-29,-0.12538209686668722
2021-12-30,-0.39483601910366395
2022-01-03,-0.7571086211317783
2022-01-04,-0.8497179848702541
2022-01-05,-0.2047730017904732
2022-01-06,-0.6999019000098672
2022-01-10,1.0663771596747889
2022-01-11,0.42578834442778724
2022-01-12,-0.11196845825135204
2022-01-13,0.020797017131589213
2022-01-17,-0.24438935640345538
2022-01-18,-0.6810958054203974
2022-01-19,-0.30067220216411983
2022-01-20,-0.5868621059373201
2022-01-24,0.6917506306513732
2022-01-25,-0.6435349924062139
2022-01-26,-0.44038388057599454
2022-01-27,-0.9337391905311236
2022-01-31,-0.22327268847155013
2022-02-01,-0.8192463378539675
2022-02-02,-0.12489811429490116
2022-02-03,-0.5995909793699419
2022-02-07,0.0008829054466339414
2022-02-08,-0.6455102161658542
2022-02-09,-0.6991517044014838
2022-02-10,-0.31477431729207295
2022-02-14,-0.29692668149142865
2022-02-15,0.376880926726577
2022-02-16,0.24908911641507958
2022-02-17,-0.5416632389371339
2022-02-21,-0.1380023114704727
