date,0
2010-04-13,0.00974171830543187
2010-04-14,0.009042964599893205
2010-04-15,0.00958423065351767
2010-04-16,0.009162706431431647
2010-04-19,0.010745917852892667
2010-04-20,0.009702510254743363
2010-04-21,0.009075978483368302
2010-04-22,0.00997843739794338
2010-04-23,0.009285497647456384
2010-04-26,0.010132315792259386
2010-04-27,0.009589472900726523
2010-04-28,0.011000094795372312
2010-04-29,0.01002578218438778
2010-04-30,0.01070279834408068
2010-05-04,0.010376207491780295
2010-05-05,0.010322751778750125
2010-05-06,0.009874581908603186
2010-05-07,0.010709670611854169
2010-05-11,0.010837079300038743
2010-05-12,0.01001492253805604
2010-05-13,0.011629381008789214
2010-05-14,0.011981315486641622
2010-05-17,0.01116056108418409
2010-05-18,0.009615740642774998
2010-05-19,0.011428365607361615
2010-05-20,0.010904287425087533
2010-05-21,0.012476663714855549
2010-05-24,0.010657601138100381
2010-05-25,0.01267408867728377
2010-05-26,0.012976364377300556
2010-05-27,0.014197895740658481
2010-05-28,0.013496819706852028
2010-05-31,0.013004747977347061
2010-06-01,0.013722519338902908
2010-06-02,0.01189419051804555
2010-06-03,0.014297563633647273
2010-06-04,0.013675144907359396
2010-06-07,0.013167762669603511
2010-06-08,0.013857900446339125
2010-06-09,0.011570654319794357
2010-06-10,0.013313888958140702
2010-06-11,0.01245985561136663
2010-06-15,0.013441685117737537
2010-06-16,0.012348141337924862
2010-06-17,0.013309789100653738
2010-06-18,0.013585651771464521
2010-06-21,0.013854084549000875
2010-06-22,0.013106636921228557
2010-06-23,0.013384521257508802
2010-06-24,0.014333220191017432
2010-06-25,0.013765724764360027
2010-06-28,0.013480346509230107
2010-06-29,0.01226937349802805
2010-06-30,0.012763387524633185
2010-07-01,0.014443786406985473
2010-07-02,0.014879868353385214
2010-07-05,0.014441217029532452
2010-07-06,0.014220607614643652
2010-07-07,0.013520681696017778
2010-07-08,0.014142790296151633
2010-07-09,0.01422157332404568
2010-07-12,0.015528930941568084
2010-07-13,0.01369769461795399
2010-07-14,0.015736363900876862
2010-07-15,0.012869015277788817
2010-07-16,0.014539836146705898
2010-07-19,0.016328590082832176
2010-07-20,0.012415044343486212
2010-07-21,0.014374789259647205
2010-07-22,0.013361530574678038
2010-07-23,0.014169881907666285
2010-07-26,0.012757403197185782
2010-07-27,0.014536550017025779
2010-07-28,0.013983992980639279
2010-07-29,0.01546710450675294
2010-07-30,0.014713277287992946
2010-08-02,0.014770221816534007
2010-08-03,0.014966025814016987
2010-08-04,0.015081556740332208
2010-08-05,0.013685873779813229
2010-08-06,0.014543237865932798
2010-08-09,0.013499664336488734
2010-08-10,0.013204917356125195
2010-08-11,0.012975101922279103
2010-08-12,0.013725492922142757
2010-08-13,0.012984834923721197
2010-08-16,0.013708077226527476
2010-08-17,0.011577462313107398
2010-08-18,0.012116818923883499
2010-08-19,0.012601747804329919
2010-08-20,0.012130523710418867
2010-08-23,0.011828532313148107
2010-08-24,0.012590144819399213
2010-08-25,0.010834375028803453
2010-08-26,0.00995576203789092
2010-08-27,0.009532519036126244
2010-08-30,0.010164438823908079
2010-08-31,0.009648476747403836
2010-09-01,0.010866989160490226
2010-09-02,0.010595192607442197
2010-09-03,0.009842310915985489
2010-09-06,0.010375797765707337
2010-09-07,0.008937267015743364
2010-09-08,0.010385551941682877
2010-09-09,0.010442316160980625
2010-09-10,0.00994523529251315
2010-09-13,0.009839999253295664
2010-09-14,0.010452677805122781
2010-09-15,0.009232765462691264
2010-09-16,0.010034445914679946
2010-09-17,0.009769501790075033
2010-09-20,0.008575098606639117
2010-09-21,0.00948732377353996
2010-09-22,0.009503627985605154
2010-09-23,0.009024648990231227
2010-09-24,0.008877915461723854
2010-09-27,0.008613617818654037
2010-09-28,0.00814328098684361
2010-09-29,0.00776105333832218
2010-09-30,0.007811785799208423
2010-10-01,0.007901712290571211
2010-10-04,0.008105070812381765
2010-10-05,0.007936617666511783
2010-10-06,0.00739910601644192
2010-10-07,0.0075831382968129385
2010-10-08,0.007322388936783206
2010-10-11,0.007227492565189425
2010-10-12,0.0074425612254349904
2010-10-13,0.007167732860031625
2010-10-14,0.0072917870606652585
2010-10-15,0.007218834230474494
2010-10-18,0.0071513804628875605
2010-10-19,0.0067742325092046
2010-10-20,0.006908312197263594
2010-10-21,0.0072168187491915
2010-10-22,0.006733393816713257
2010-10-25,0.006497616335001177
2010-10-26,0.006596383007653098
2010-10-27,0.006466891440146408
2010-10-28,0.006883321151652133
2010-10-29,0.006401560188622535
2010-11-01,0.006538864204042968
2010-11-02,0.006310443124541723
2010-11-03,0.006225338667872379
2010-11-08,0.006548194930476259
2010-11-09,0.006503541933108384
2010-11-10,0.005814174613919851
2010-11-11,0.006516644047513218
2010-11-12,0.006491474039875933
2010-11-15,0.006621625625654576
2010-11-16,0.00660168959048385
2010-11-17,0.006254664771656565
2010-11-18,0.00636644891570709
2010-11-19,0.007003643420549391
2010-11-22,0.0068580171555135405
2010-11-23,0.00653097449239938
2010-11-24,0.006915572681026258
2010-11-25,0.006692108787135595
2010-11-26,0.006831605654936693
2010-11-29,0.006510374958150947
2010-11-30,0.006365233939638698
2010-12-01,0.007239755082455293
2010-12-02,0.006811083364564069
2010-12-03,0.007320496615038155
2010-12-06,0.007383612976028686
2010-12-07,0.007137188485071236
2010-12-08,0.006980637423686639
2010-12-09,0.006539163859689445
2010-12-10,0.007200084867613379
2010-12-13,0.006684943460571829
2010-12-14,0.006787910904502592
2010-12-15,0.006760200810892125
2010-12-16,0.0062253589628886025
2010-12-17,0.007037988125690314
2010-12-20,0.0066474587090975396
2010-12-21,0.006661333942460407
2010-12-22,0.006958406942060208
2010-12-23,0.0071892923158643485
2010-12-24,0.007035332031991956
2010-12-27,0.00680891157826756
2010-12-28,0.006792414040064018
2010-12-29,0.006700172131996099
2010-12-30,0.0064178407512518465
2011-01-11,0.0066813683228174325
2011-01-12,0.006906014555646087
2011-01-13,0.00704874356363222
2011-01-14,0.006679348454666292
2011-01-17,0.007195311379409014
2011-01-18,0.006975586752333299
2011-01-19,0.0057169331134336865
2011-01-20,0.006983463753681529
2011-01-21,0.007074503593176171
2011-01-24,0.007293978931770306
2011-01-25,0.00743795961552654
2011-01-26,0.007390125541580889
2011-01-27,0.007878002307286747
2011-01-28,0.007247311442466944
2011-01-31,0.006481897058836589
2011-02-01,0.007149676033317107
2011-02-02,0.007478163606241359
2011-02-03,0.00733954543738885
2011-02-04,0.007320679999194779
2011-02-07,0.007162041432642971
2011-02-08,0.007110236121131472
2011-02-09,0.0080500233776796
2011-02-10,0.007973276776638352
2011-02-11,0.008000727743436645
2011-02-14,0.008633251440639797
2011-02-15,0.008413692157320962
2011-02-16,0.007607047006997686
2011-02-17,0.007933799946647946
2011-02-18,0.00718777472556735
2011-02-21,0.007962077464784167
2011-02-22,0.007801779183473884
2011-02-24,0.008373176773606258
2011-02-25,0.008133760559377937
2011-02-28,0.008089861265634851
2011-03-01,0.008213553207939442
2011-03-02,0.008289161998556338
2011-03-03,0.00839084672994933
2011-03-04,0.008214384252539564
2011-03-09,0.008020787687217326
2011-03-10,0.007672235230544361
2011-03-11,0.008403720480128773
2011-03-14,0.008497428695852308
2011-03-15,0.008573743167602954
2011-03-16,0.007869945249688773
2011-03-17,0.00826875491632377
2011-03-18,0.007873204893056623
2011-03-21,0.007961235434436623
2011-03-22,0.008285950311534729
2011-03-23,0.00816726823368874
2011-03-24,0.007850181813306378
2011-03-25,0.008019464100738019
2011-03-28,0.008173336423947616
2011-03-29,0.00873026116213188
2011-03-30,0.007716704067140034
2011-03-31,0.00875141181359998
2011-04-01,0.007960555503309624
2011-04-04,0.00857862085952106
2011-04-05,0.008774460101620044
2011-04-06,0.008704538932813269
2011-04-07,0.008946728543651541
2011-04-08,0.008289773859404312
2011-04-11,0.00893501802746545
2011-04-12,0.00832948478872031
2011-04-13,0.007836357175114397
2011-04-14,0.00898815997066095
2011-04-15,0.008872614385893485
2011-04-18,0.009087670275444784
2011-04-19,0.009800850457071061
2011-04-20,0.009022682811013746
2011-04-21,0.009634393854731804
2011-04-22,0.009773793638363587
2011-04-25,0.009869911749413665
2011-04-26,0.009220922339489776
2011-04-27,0.009743325626647564
2011-04-28,0.009558143539853209
2011-04-29,0.00914023851089417
2011-05-03,0.01005083273959255
2011-05-04,0.010136080750927437
2011-05-05,0.009350698068742183
2011-05-06,0.010085694654863461
2011-05-10,0.009130674158682989
2011-05-11,0.010004903061996695
2011-05-12,0.01027238588688846
2011-05-13,0.009933572568090313
2011-05-16,0.00968795781505001
2011-05-17,0.009681099853564093
2011-05-18,0.010091036596279551
2011-05-19,0.009835818059498347
2011-05-20,0.009740110923252498
2011-05-23,0.009360738007339275
2011-05-24,0.009315813480761923
2011-05-25,0.009917678749415598
2011-05-26,0.010099049176256938
2011-05-27,0.010086346671490068
2011-05-30,0.010407594797645761
2011-05-31,0.009177361991885985
2011-06-01,0.009938315952972537
2011-06-02,0.010078199978359612
2011-06-03,0.010151201218457986
2011-06-06,0.010057261536642978
2011-06-07,0.009549200923658852
2011-06-08,0.009408702806004407
2011-06-09,0.009948694590786455
2011-06-10,0.009629427888571518
2011-06-14,0.009439077518033037
2011-06-15,0.009944661590589265
2011-06-16,0.009878886914643378
2011-06-17,0.008658553088885537
2011-06-20,0.009850236096818135
2011-06-21,0.009297036894890545
2011-06-22,0.009346344052069161
2011-06-23,0.010204847489251892
2011-06-24,0.010028333920013469
2011-06-27,0.00946432926159077
2011-06-28,0.009262088202978955
2011-06-29,0.008986131829280083
2011-06-30,0.010153911360786624
2011-07-01,0.009422698576078206
2011-07-04,0.009434016410473811
2011-07-05,0.008360205890682926
2011-07-06,0.009090454514122034
2011-07-07,0.008898964725185449
2011-07-08,0.009329962297558642
2011-07-11,0.008436062866919752
2011-07-12,0.009220850070744399
2011-07-13,0.009921298396379785
2011-07-14,0.009224928625893525
2011-07-15,0.008587553826879618
2011-07-18,0.009559464410970817
2011-07-19,0.009620681676878268
2011-07-20,0.008989638505024086
2011-07-21,0.008529257775928542
2011-07-22,0.008200828475805555
2011-07-25,0.00820569694158281
2011-07-26,0.00823918386299606
2011-07-27,0.008906867636143082
2011-07-28,0.008649149267184839
2011-07-29,0.008089592207322471
2011-08-01,0.00903513885321712
2011-08-02,0.008182996214520871
2011-08-03,0.008822688642939447
2011-08-04,0.008848322223581381
2011-08-05,0.009026955808286621
2011-08-08,0.009028424930519557
2011-08-09,0.009160390526071566
2011-08-10,0.01051292341806978
2011-08-11,0.009661461792113371
2011-08-12,0.009539658245187738
2011-08-15,0.010663379990036997
2011-08-16,0.01105917118261679
2011-08-17,0.010821713523476356
2011-08-18,0.01146410488903317
2011-08-19,0.011251706179646173
2011-08-22,0.01108764891300372
2011-08-23,0.011456930713416871
2011-08-24,0.010671118748079522
2011-08-25,0.011350196000025792
2011-08-26,0.010866639051612767
2011-08-29,0.011966694492023602
2011-08-30,0.012285281880079005
2011-08-31,0.01158115775326532
2011-09-01,0.011469306615059613
2011-09-02,0.011583866606354243
2011-09-05,0.011495158962389937
2011-09-06,0.01202523944716781
2011-09-07,0.01202233466512978
2011-09-08,0.011749672020351279
2011-09-09,0.01157541440560593
2011-09-12,0.011683596818665085
2011-09-13,0.012388325546090082
2011-09-14,0.012587264164085052
2011-09-15,0.011803644866335505
2011-09-16,0.012478483204833718
2011-09-19,0.012239981408441389
2011-09-20,0.01268773862143334
2011-09-21,0.011716080968600787
2011-09-22,0.013287417389037715
2011-09-23,0.014349671026882116
2011-09-26,0.012885518302195434
2011-09-27,0.015135665426953826
2011-09-28,0.014259339233699153
2011-09-29,0.014160735696803567
2011-09-30,0.014330451501187613
2011-10-03,0.013869989366712465
2011-10-04,0.016189582195586874
2011-10-05,0.01489037638129416
2011-10-06,0.016807068882085788
2011-10-07,0.01657266646024072
2011-10-10,0.015768263572744162
2011-10-11,0.015137920198269525
2011-10-12,0.015840831045382378
2011-10-13,0.016343021894879087
2011-10-14,0.01614461336157512
2011-10-17,0.016986964806502122
2011-10-18,0.01659296497269519
2011-10-19,0.015409205752242514
2011-10-20,0.01608604427073068
2011-10-21,0.017413849057775058
2011-10-24,0.01621107610375945
2011-10-25,0.01763610889656235
2011-10-26,0.017561161504321812
2011-10-27,0.0168515117506345
2011-10-28,0.015412543667113712
2011-10-31,0.015307690848827743
2011-11-01,0.016976779863717747
2011-11-02,0.017432463447907887
2011-11-03,0.014429944955170693
2011-11-07,0.016249593303651444
2011-11-08,0.01665282034563914
2011-11-09,0.01637470014061769
2011-11-10,0.017409374167810618
2011-11-11,0.016463597363404983
2011-11-14,0.015160958040345299
2011-11-15,0.014967520678218327
2011-11-16,0.01640814946267105
2011-11-17,0.013896229692295717
2011-11-18,0.015370375805702899
2011-11-21,0.015473269338422427
2011-11-22,0.01655505883554792
2011-11-23,0.01606130250264677
2011-11-24,0.014537396782153253
2011-11-25,0.015947331974889414
2011-11-28,0.01652220764321878
2011-11-29,0.015533197629957252
2011-11-30,0.015711677941270444
2011-12-01,0.016751848853216844
2011-12-02,0.015156126329124497
2011-12-05,0.01539452052990306
2011-12-06,0.016684590465759208
2011-12-07,0.016114847910233168
2011-12-08,0.01661486690182272
2011-12-09,0.015235669878881683
2011-12-12,0.017446548063820344
2011-12-13,0.01643988314008009
2011-12-14,0.01754171446480575
2011-12-15,0.014856590456726923
2011-12-16,0.017398042358751697
2011-12-19,0.017539176012747626
2011-12-20,0.016156920919809123
2011-12-21,0.01604840241894491
2011-12-22,0.016737819725426054
2011-12-23,0.014608427484344225
2011-12-26,0.015254503891781152
2011-12-27,0.015567478148836925
2011-12-28,0.013395647966193469
2011-12-29,0.013997187211018641
2011-12-30,0.014317082271489173
2012-01-03,0.014646929323636412
2012-01-04,0.013749796221171728
2012-01-05,0.013237294521696613
2012-01-06,0.012974346312105645
2012-01-09,0.012955915260473488
2012-01-10,0.012977442626492267
2012-01-11,0.012407338989354977
2012-01-12,0.012463878711426499
2012-01-13,0.01251960813723603
2012-01-16,0.012134179269446418
2012-01-17,0.011557612331267647
2012-01-18,0.011868595399545684
2012-01-19,0.011986920858494537
2012-01-20,0.01192261671308964
2012-01-23,0.011942062152718924
2012-01-24,0.011822190610845287
2012-01-25,0.011662646232471416
2012-01-26,0.010268227160984675
2012-01-27,0.01160499500334107
2012-01-30,0.011282511230785844
2012-01-31,0.010734656550401359
2012-02-01,0.011179144790955928
2012-02-02,0.010720896452420692
2012-02-03,0.010864354635146595
2012-02-06,0.010551601477503336
2012-02-07,0.010361637083072292
2012-02-08,0.00962334603834561
2012-02-09,0.010213378735752454
2012-02-10,0.01041093089616893
2012-02-13,0.01090987639078804
2012-02-14,0.009901163234364546
2012-02-15,0.011345715640784071
2012-02-16,0.009883263017840302
2012-02-17,0.01011558660003413
2012-02-20,0.009497405789390775
2012-02-21,0.009791361330150697
2012-02-22,0.00996362639285707
2012-02-24,0.010834758171101175
2012-02-27,0.00971695509957421
2012-02-28,0.009616475609341549
2012-02-29,0.010068725002276208
2012-03-01,0.009736788602910551
2012-03-02,0.009411955142546738
2012-03-05,0.009336005435212152
2012-03-06,0.009480531638045575
2012-03-07,0.00977271566285301
2012-03-12,0.00980111732485886
2012-03-13,0.010136384205650037
2012-03-14,0.008525405466419389
2012-03-15,0.008494617804958984
2012-03-16,0.007798531051321028
2012-03-19,0.008881935538623084
2012-03-20,0.008891235061996128
2012-03-21,0.008446324292039745
2012-03-22,0.00877511529357218
2012-03-23,0.008733207935481824
2012-03-26,0.00923397114545435
2012-03-27,0.00858156262398406
2012-03-28,0.00808390432322928
2012-03-29,0.008895053892163676
2012-03-30,0.009254997903657053
2012-04-02,0.008516168305891164
2012-04-03,0.009344069405705521
2012-04-04,0.009344072164034531
2012-04-05,0.0093173656943501
2012-04-06,0.009402414467874876
2012-04-09,0.0095759633275391
2012-04-10,0.009782918727644058
2012-04-11,0.009575129396236184
2012-04-12,0.008969839829243265
2012-04-13,0.007627948010234892
2012-04-16,0.008961324488752254
2012-04-17,0.009403796709051407
2012-04-18,0.009886070442233913
2012-04-19,0.009954455676702362
2012-04-20,0.00970514408128606
2012-04-23,0.009753932239463206
2012-04-24,0.010117509277396033
2012-04-25,0.009849102046439684
2012-04-26,0.010725393370829395
2012-04-27,0.00991778905183141
2012-05-02,0.01034853358442371
2012-05-03,0.011021325933798426
2012-05-04,0.01100090786637399
2012-05-07,0.010438357098308468
2012-05-08,0.010083516370829285
2012-05-10,0.010135832305401854
2012-05-11,0.010437293830882433
2012-05-14,0.011171924219019441
2012-05-15,0.011779311023476582
2012-05-16,0.011282166802863633
2012-05-17,0.011319810107002212
2012-05-18,0.011560274183022495
2012-05-21,0.011961280426148982
2012-05-22,0.011256257178015122
2012-05-23,0.012708071762938741
2012-05-24,0.012436442931448813
2012-05-25,0.011939591310921968
2012-05-28,0.012482725782468854
2012-05-29,0.011488915381833095
2012-05-30,0.012755630484680161
2012-05-31,0.011808517720668751
2012-06-01,0.012385907672741017
2012-06-04,0.012088814328088102
2012-06-05,0.011837052999402894
2012-06-06,0.012064482903697202
2012-06-07,0.011471661627175486
2012-06-08,0.01189222184617754
2012-06-13,0.01149429188793985
2012-06-14,0.01121417547766651
2012-06-15,0.011207432675046272
2012-06-18,0.011939987995033513
2012-06-19,0.01171360683012894
2012-06-20,0.01096145197593923
2012-06-21,0.011485269167555476
2012-06-22,0.011453451734358605
2012-06-25,0.010835704511320016
2012-06-26,0.010648145071164128
2012-06-27,0.011553817911046496
2012-06-28,0.011454993677533498
2012-06-29,0.012153731713748672
2012-07-02,0.011546392654971066
2012-07-03,0.01149461018670822
2012-07-04,0.011273075308160158
2012-07-05,0.011446449562803107
2012-07-06,0.010855158884794006
2012-07-09,0.011496918145280338
2012-07-10,0.010873780254319981
2012-07-11,0.01177851775381461
2012-07-12,0.010116443603113145
2012-07-13,0.01099970567956296
2012-07-16,0.011376108401789556
2012-07-17,0.010706527575977343
2012-07-18,0.011531880403607225
2012-07-19,0.011393069941121686
2012-07-20,0.010746034182924108
2012-07-23,0.011628969920882248
2012-07-24,0.01186424935118438
2012-07-25,0.011115234728010487
2012-07-26,0.012005007559270517
2012-07-27,0.011701091630730312
2012-07-30,0.011505762301461137
2012-07-31,0.010901318882610311
2012-08-01,0.01186985371052024
2012-08-02,0.011031407777041452
2012-08-03,0.011792231794360508
2012-08-06,0.010924125369192822
2012-08-07,0.011319658996547993
2012-08-08,0.010716314859285855
2012-08-09,0.009703463564350562
2012-08-10,0.010467157918154571
2012-08-13,0.011186317495745848
2012-08-14,0.009821754571123165
2012-08-15,0.009933418786229678
2012-08-16,0.010708913573294898
2012-08-17,0.009872646813133101
2012-08-20,0.009741422010244374
2012-08-21,0.00967698171518705
2012-08-22,0.00928401550500077
2012-08-23,0.009292803395279492
2012-08-24,0.009274823849256014
2012-08-27,0.008683716979632924
2012-08-28,0.008992417217574836
2012-08-29,0.008007009904560575
2012-08-30,0.008748321271634968
2012-08-31,0.007736598057764221
2012-09-03,0.008738820236523406
2012-09-04,0.008642378646527282
2012-09-05,0.008527702855046448
2012-09-06,0.008293006396817154
2012-09-07,0.008941368164286645
2012-09-10,0.008610231450454933
2012-09-11,0.008847065584083366
2012-09-12,0.00853588123306051
2012-09-13,0.008376975492613334
2012-09-14,0.008351855933888708
2012-09-17,0.0093850624646339
2012-09-18,0.009185090230057702
2012-09-19,0.009034139172509142
2012-09-20,0.00861230563301886
2012-09-21,0.009074619747342319
2012-09-24,0.009157431942413044
2012-09-25,0.008453426293316996
2012-09-26,0.009542046736345858
2012-09-27,0.008463023360914451
2012-09-28,0.008296589365675608
2012-10-01,0.008452405842818658
2012-10-02,0.008105601634059795
2012-10-03,0.008699460122284272
2012-10-04,0.008231565132801238
2012-10-05,0.008556392975237553
2012-10-08,0.007894009352222231
2012-10-09,0.008542393774786133
2012-10-10,0.008589793130669307
2012-10-11,0.007446397637852972
2012-10-12,0.008007093905184504
2012-10-15,0.008156336203321055
2012-10-16,0.007689417595668699
2012-10-17,0.008410602856941354
2012-10-18,0.008077437401630319
2012-10-19,0.007593227567933611
2012-10-22,0.007601463567273606
2012-10-23,0.008087489588942787
2012-10-24,0.007659568001786479
2012-10-25,0.007256991999503998
2012-10-26,0.007892440782787613
2012-10-29,0.007856760118260642
2012-10-30,0.007507644981459505
2012-10-31,0.0067496272484143804
2012-11-01,0.007179155247813956
2012-11-02,0.007171039257446499
2012-11-06,0.0067203060459379155
2012-11-07,0.007206267302833372
2012-11-08,0.006911235096634452
2012-11-09,0.0073031648580266645
2012-11-12,0.007567877505955681
2012-11-13,0.007384752488736962
2012-11-14,0.007362542540599593
2012-11-15,0.007509289324198393
2012-11-16,0.007382581064683327
2012-11-19,0.007259209913005091
2012-11-20,0.0070047266639947925
2012-11-21,0.007698132803336255
2012-11-22,0.006953812050377678
2012-11-23,0.00737887223502523
2012-11-26,0.00760105662001756
2012-11-27,0.007041713282941883
2012-11-28,0.007406363950100095
2012-11-29,0.007495740614456306
2012-11-30,0.007436942661050716
2012-12-03,0.007637541161630082
2012-12-04,0.007236557061863991
2012-12-05,0.008156436946888432
2012-12-06,0.007183899838821853
2012-12-07,0.0065236294331505185
2012-12-10,0.007227701898024991
2012-12-11,0.007156183892064391
2012-12-12,0.006777224901036646
2012-12-13,0.006679290863335199
2012-12-14,0.006553636713370184
2012-12-17,0.006597499248363059
2012-12-18,0.006553160317916057
2012-12-19,0.006563066331078199
2012-12-20,0.006558345063064727
2012-12-21,0.006882035752027893
2012-12-24,0.00662326450376205
2012-12-25,0.006390511897737344
2012-12-26,0.006388509703741649
2012-12-27,0.005823206421001079
2012-12-28,0.005861107528035203
2013-01-08,0.00605678177234821
2013-01-09,0.006116229302062334
2013-01-10,0.0061513032078090585
2013-01-11,0.005410296074099125
2013-01-14,0.005440079825150712
2013-01-15,0.006141972068732182
2013-01-16,0.005542769704573139
2013-01-17,0.006405674053394442
2013-01-18,0.005723155337336069
2013-01-21,0.0058839204258348266
2013-01-22,0.005880388759954697
2013-01-23,0.006309157675947724
2013-01-24,0.006440213647733881
2013-01-25,0.005745969868060183
2013-01-28,0.006123126913736857
2013-01-29,0.005791199072187225
2013-01-30,0.006116387914851487
2013-01-31,0.0057926351072083715
2013-02-01,0.005599409810685491
2013-02-04,0.005704211374343099
2013-02-05,0.005548096436368111
2013-02-06,0.005517634579990577
2013-02-07,0.005847228195016277
2013-02-08,0.005963788909150891
2013-02-11,0.005627996560609888
2013-02-12,0.005318928884724933
2013-02-13,0.005493657926474299
2013-02-14,0.005749609423036872
2013-02-15,0.005845348067801889
2013-02-18,0.005439506986662124
2013-02-19,0.005607575198287765
2013-02-20,0.0050868637141888995
2013-02-21,0.005430734886460745
2013-02-22,0.005920097320246315
2013-02-25,0.0052258777713412585
2013-02-26,0.005673461349725725
2013-02-27,0.005537999817092923
2013-02-28,0.00604240319072917
2013-03-01,0.004886834334604906
2013-03-04,0.005720629246057873
2013-03-05,0.005578972313133174
2013-03-06,0.0056882724436819465
2013-03-07,0.0054878712848977496
2013-03-11,0.005468503578721862
2013-03-12,0.005085734465426595
2013-03-13,0.005124739955391797
2013-03-14,0.00514588535572183
2013-03-15,0.004752448498892128
2013-03-18,0.0055908573800963896
2013-03-19,0.005274215259556195
2013-03-20,0.00552951655119191
2013-03-21,0.005223686081287468
2013-03-22,0.00541186768325716
2013-03-25,0.005271084609363624
2013-03-26,0.005440905974543261
2013-03-27,0.0057770349922134645
2013-03-28,0.005546909880203288
2013-03-29,0.005453326301422826
2013-04-01,0.0055307859131504405
2013-04-02,0.005213586091053171
2013-04-03,0.005900010636777378
2013-04-04,0.0054903857299392345
2013-04-05,0.005662013098605048
2013-04-08,0.005646988829393976
2013-04-09,0.004936506541572586
2013-04-10,0.00532574687095648
2013-04-11,0.005412365090851093
2013-04-12,0.005730027879982377
2013-04-15,0.005692163591588126
2013-04-16,0.005570704386323122
2013-04-17,0.00583999246309673
2013-04-18,0.005917125444277041
2013-04-19,0.005764236879054391
2013-04-22,0.005972899540683724
2013-04-23,0.005712448186080743
2013-04-24,0.006298897906292192
2013-04-25,0.005863912032086485
2013-04-26,0.00632299536935467
2013-04-29,0.006276495378194261
2013-04-30,0.006500010612122159
2013-05-02,0.006226975729458323
2013-05-03,0.006508939587250601
2013-05-06,0.006661275874457431
2013-05-07,0.00669636648216243
2013-05-08,0.006992881794952471
2013-05-10,0.006702159167802188
2013-05-13,0.006643205740803862
2013-05-14,0.006750490908596876
2013-05-15,0.006801564042705183
2013-05-16,0.006793854152819523
2013-05-17,0.0071334543187416555
2013-05-20,0.0064819255698133765
2013-05-21,0.006883714241283756
2013-05-22,0.006811930787317982
2013-05-23,0.007091318003052224
2013-05-24,0.007755023036093156
2013-05-27,0.0074674920735115086
2013-05-28,0.00805763461745107
2013-05-29,0.008366276672110817
2013-05-30,0.007305780322399813
2013-05-31,0.007872586373823737
2013-06-03,0.0075869242021895655
2013-06-04,0.007795256978612622
2013-06-05,0.007405688325389917
2013-06-06,0.008447196345376343
2013-06-07,0.008099739060391131
2013-06-10,0.008776902141294271
2013-06-11,0.008786072871371203
2013-06-13,0.008198670188282117
2013-06-14,0.009433490661665711
2013-06-17,0.009266746635258866
2013-06-18,0.008879240712898334
2013-06-19,0.008533205815073747
2013-06-20,0.009091878855796307
2013-06-21,0.00830861341379567
2013-06-24,0.00860222366362616
2013-06-25,0.009239578928327871
2013-06-26,0.008972426831954997
2013-06-27,0.009634767292023769
2013-06-28,0.00895908876686824
2013-07-01,0.00918228540996463
2013-07-02,0.00923314755304959
2013-07-03,0.009655168694001348
2013-07-04,0.008851185394454869
2013-07-05,0.008634429841098634
2013-07-08,0.0093175845052135
2013-07-09,0.00930004909757294
2013-07-10,0.008736588284450258
2013-07-11,0.009275857424200867
2013-07-12,0.0095741369947044
2013-07-15,0.009232458564826462
2013-07-16,0.009798518715033289
2013-07-17,0.009304219396173666
2013-07-18,0.008529201399972333
2013-07-19,0.009198569720147959
2013-07-22,0.009863416183644058
2013-07-23,0.0090088740049213
2013-07-24,0.009814517125232708
2013-07-25,0.00916790553860966
2013-07-26,0.009863733387221296
2013-07-29,0.009280490146023071
2013-07-30,0.009674142943554356
2013-07-31,0.009216001941955931
2013-08-01,0.009673472590982696
2013-08-02,0.009318193929191906
2013-08-05,0.008307971782129248
2013-08-06,0.009298124064913899
2013-08-07,0.009236641852354635
2013-08-08,0.008693196938903677
2013-08-09,0.008415430394444506
2013-08-12,0.008934685644396215
2013-08-13,0.009763247502216937
2013-08-14,0.009022379045921528
2013-08-15,0.00868796349420474
2013-08-16,0.009015538959840405
2013-08-19,0.00856856822471043
2013-08-20,0.00924148561041023
2013-08-21,0.007911804565223585
2013-08-22,0.008155865814462773
2013-08-23,0.008467525735191467
2013-08-26,0.007613373102137361
2013-08-27,0.008860082468522351
2013-08-28,0.007338138264732383
2013-08-29,0.008025894209002932
2013-08-30,0.007668325920277691
2013-09-02,0.007834924693915626
2013-09-03,0.007664854187383635
2013-09-04,0.007355814048019882
2013-09-05,0.008433669369654909
2013-09-06,0.008333558582496653
2013-09-09,0.007809519852523275
2013-09-10,0.008180033084926208
2013-09-11,0.007423008889421323
2013-09-12,0.007182016508354538
2013-09-13,0.007092464442129312
2013-09-16,0.007854388942633933
2013-09-17,0.007488363327687944
2013-09-18,0.006938483296968695
2013-09-19,0.007359702854159489
2013-09-20,0.007113647075718585
2013-09-23,0.006648621898671825
2013-09-24,0.007482098809672433
2013-09-25,0.006939345068657662
2013-09-26,0.0071534598042828496
2013-09-27,0.006441341699758796
2013-09-30,0.007262342461457169
2013-10-01,0.0076905416848321445
2013-10-02,0.006738453141471715
2013-10-03,0.007019379696746
2013-10-04,0.006530501862811552
2013-10-07,0.007063955506572073
2013-10-08,0.007297898299064007
2013-10-09,0.007346165521878875
2013-10-10,0.007129149107912097
2013-10-11,0.006410248508518304
2013-10-14,0.0067859085016037796
2013-10-15,0.006441791306697461
2013-10-16,0.006720398892617288
2013-10-17,0.007070889398823818
2013-10-18,0.006791261465581941
2013-10-21,0.006614307613000733
2013-10-22,0.007091653213873644
2013-10-23,0.006985667507618448
2013-10-24,0.007082942071650902
2013-10-25,0.007090099312302228
2013-10-28,0.007300044303425721
2013-10-29,0.006914172888495149
2013-10-30,0.006556785006238769
2013-10-31,0.006340848559252432
2013-11-01,0.006609900371553373
2013-11-05,0.006747326967501244
2013-11-06,0.006566144524828232
2013-11-07,0.006900716618031655
2013-11-08,0.006720529178090767
2013-11-11,0.007131245897650393
2013-11-12,0.006716766280293593
2013-11-13,0.00640508216194953
2013-11-14,0.006317556237084299
2013-11-15,0.006485285152605769
2013-11-18,0.0067140923187303525
2013-11-19,0.006434539376096046
2013-11-20,0.006675622390992189
2013-11-21,0.006533871137559238
2013-11-22,0.00599193088557734
2013-11-25,0.00669653076171059
2013-11-26,0.006832038131131174
2013-11-27,0.0068944148108261855
2013-11-28,0.0067749491396281725
2013-11-29,0.006613898566390247
2013-12-02,0.006048231699795986
2013-12-03,0.006483399766736925
2013-12-04,0.007095413513157248
2013-12-05,0.006352725128589337
2013-12-06,0.006717114607165786
2013-12-09,0.0064938122540803556
2013-12-10,0.006476234292853891
2013-12-11,0.006340499797660146
2013-12-12,0.006281199850634689
2013-12-13,0.00696585278806422
2013-12-16,0.0062591111466343136
2013-12-17,0.006578756954364301
2013-12-18,0.0060840013064643594
2013-12-19,0.006570884382787773
2013-12-20,0.006348639028360525
2013-12-23,0.006104856408830961
2013-12-24,0.006076218027377317
2013-12-25,0.006381770624913505
2013-12-26,0.006052653092256319
2013-12-27,0.005921062422452078
2013-12-30,0.005576721555699521
2014-01-06,0.0067649222611514265
2014-01-08,0.0062977823175372205
2014-01-09,0.006613329604716903
2014-01-10,0.006214320030485998
2014-01-13,0.005981754597776737
2014-01-14,0.005955972994812528
2014-01-15,0.006221062597442317
2014-01-16,0.005801644466191733
2014-01-17,0.005930865322081355
2014-01-20,0.00592502186272173
2014-01-21,0.006233785351065765
2014-01-22,0.006328257004840576
2014-01-23,0.0056047430489530314
2014-01-24,0.005886226679370499
2014-01-27,0.0057480255280302345
2014-01-28,0.005602874748247527
2014-01-29,0.005474296516681798
2014-01-30,0.005544452324800733
2014-01-31,0.00565576404336629
2014-02-03,0.006023413698284019
2014-02-04,0.006140772783096687
2014-02-05,0.0057140290677829275
2014-02-06,0.006135448691009737
2014-02-07,0.00592387782929045
2014-02-10,0.005867916819594823
2014-02-11,0.0060733940468557235
2014-02-12,0.00565055020296093
2014-02-13,0.006017411339372114
2014-02-14,0.005842207249726075
2014-02-17,0.006087485278407592
2014-02-18,0.004948135103718235
2014-02-19,0.005660900276246383
2014-02-20,0.005555438358913728
2014-02-21,0.005377420025353893
2014-02-24,0.005368831867970519
2014-02-25,0.005525105111878148
2014-02-26,0.005412636121448738
2014-02-27,0.005595121448979515
2014-02-28,0.0053987840061643505
2014-03-03,0.008075379617969392
2014-03-04,0.00903934812950094
2014-03-05,0.008861567881670307
2014-03-06,0.009325322668982797
2014-03-07,0.010263281480631853
2014-03-11,0.009217443630685163
2014-03-12,0.01000393767654302
2014-03-13,0.010176893668222997
2014-03-14,0.01007755476581755
2014-03-17,0.00990695423338088
2014-03-18,0.0112004646373952
2014-03-19,0.011829892967774217
2014-03-20,0.010692520472598457
2014-03-21,0.010558198270194899
2014-03-24,0.010452772198891055
2014-03-25,0.010590187828288522
2014-03-26,0.011076002494704057
2014-03-27,0.011382581769319236
2014-03-28,0.010452591212716175
2014-03-31,0.011144144233371428
2014-04-01,0.011288481032645653
2014-04-02,0.011710380227556647
2014-04-03,0.010719287375673875
2014-04-04,0.010450241859848011
2014-04-07,0.011483456672916822
2014-04-08,0.011713903444366208
2014-04-09,0.011044821373675573
2014-04-10,0.011120658358865748
2014-04-11,0.011005067460031076
2014-04-14,0.011415700356270805
2014-04-15,0.012249096246828253
2014-04-16,0.012383076433211071
2014-04-17,0.01099955769546436
2014-04-18,0.012589603268756452
2014-04-21,0.012701172512043932
2014-04-22,0.012297233955950754
2014-04-23,0.012493442634119362
2014-04-24,0.011226498616964092
2014-04-25,0.012071965800652229
2014-04-28,0.011423628716433765
2014-04-29,0.012247875632841174
2014-04-30,0.012360641053241583
2014-05-02,0.012864165448601805
2014-05-05,0.013558940411273881
2014-05-06,0.011550539759502876
2014-05-07,0.01196071181312823
2014-05-08,0.012201119208126443
2014-05-12,0.01307511170732717
2014-05-13,0.012406462559742454
2014-05-14,0.011142204475605488
2014-05-15,0.013329962489944253
2014-05-16,0.012998226567482549
2014-05-19,0.01282529000182922
2014-05-20,0.012787468988575093
2014-05-21,0.013478306925272396
2014-05-22,0.012380052171128947
2014-05-23,0.012665088937327457
2014-05-26,0.01306601302559704
2014-05-27,0.01269017662263959
2014-05-28,0.013169302272362168
2014-05-29,0.012394418253982062
2014-05-30,0.013642701126531931
2014-06-02,0.01280342936409895
2014-06-03,0.012712689914971584
2014-06-04,0.010655717128715977
2014-06-05,0.01070848646484479
2014-06-06,0.01053564168620269
2014-06-09,0.010882540408366392
2014-06-10,0.00951565627464801
2014-06-11,0.010053612353919203
2014-06-16,0.009305490291994331
2014-06-17,0.009792722568208664
2014-06-18,0.009010082891285937
2014-06-19,0.009410396884690461
2014-06-20,0.0092152019557709
2014-06-23,0.008260171071133929
2014-06-24,0.009080361714018631
2014-06-25,0.008882946603241806
2014-06-26,0.008692331319258964
2014-06-27,0.008690847142225497
2014-06-30,0.008435350976375891
2014-07-01,0.008394072693134899
2014-07-02,0.008947506443384101
2014-07-03,0.008426966517667375
2014-07-04,0.00875730075347167
2014-07-07,0.008668743551909178
2014-07-08,0.009008164537299135
2014-07-09,0.008702548727862025
2014-07-10,0.008045441823822802
2014-07-11,0.008347749547623892
2014-07-14,0.008066370437167528
2014-07-15,0.008496859875325488
2014-07-16,0.008719203283579974
2014-07-17,0.008260178033709223
2014-07-18,0.008296615463966595
2014-07-21,0.008222519477520104
2014-07-22,0.008199062212585942
2014-07-23,0.007893610610853696
2014-07-24,0.008614415394539832
2014-07-25,0.008707811707202764
2014-07-28,0.008370520973704151
2014-07-29,0.008119694378243586
2014-07-30,0.00889276394021768
2014-07-31,0.008425483103934983
2014-08-01,0.007639096606678067
2014-08-04,0.008238213184989698
2014-08-05,0.008352184351531566
2014-08-06,0.008792572840096352
2014-08-07,0.008334664318434382
2014-08-08,0.008350075310660579
2014-08-11,0.008241060208288978
2014-08-12,0.008050698461208525
2014-08-13,0.00889915641023957
2014-08-14,0.007973059651614212
2014-08-15,0.008269919141948745
2014-08-18,0.007988991799304221
2014-08-19,0.008159698861466794
2014-08-20,0.008282002809751318
2014-08-21,0.007700471481295698
2014-08-22,0.008267726579232706
2014-08-25,0.008192280681386749
2014-08-26,0.00805302277101741
2014-08-27,0.007980891230439796
2014-08-28,0.00809696689997945
2014-08-29,0.008430554335854115
2014-09-01,0.008308312932482409
2014-09-02,0.007564013851308032
2014-09-03,0.007909471099405332
2014-09-04,0.008418174488464963
2014-09-05,0.00833703507668447
2014-09-08,0.00803198249945937
2014-09-09,0.008059733525783278
2014-09-10,0.00860353911753585
2014-09-11,0.008761335157606201
2014-09-12,0.008307428044268886
2014-09-15,0.008293115972444781
2014-09-16,0.00823015728980378
2014-09-17,0.009132579238338587
2014-09-18,0.008960259753861222
2014-09-19,0.009284881292591404
2014-09-22,0.008515146673440457
2014-09-23,0.008816297409183882
2014-09-24,0.008687789353802405
2014-09-25,0.008461151941600936
2014-09-26,0.008179652017734629
2014-09-29,0.00899508109398467
2014-09-30,0.008580024565830235
2014-10-01,0.008901255714776998
2014-10-02,0.008410463815168773
2014-10-03,0.008904861147541104
2014-10-06,0.008798303578328795
2014-10-07,0.009645497771186493
2014-10-08,0.008884384881190477
2014-10-09,0.009286551157429171
2014-10-10,0.009283630111593097
2014-10-13,0.009071346194563165
2014-10-14,0.009503365208438072
2014-10-15,0.009228477670926688
2014-10-16,0.00902732346258156
2014-10-17,0.009235859928734394
2014-10-20,0.008582072227420606
2014-10-21,0.008154207703240657
2014-10-22,0.008725942248362317
2014-10-23,0.008193374359743794
2014-10-24,0.008474828173431703
2014-10-27,0.009053770533226577
2014-10-28,0.008440207783677295
2014-10-29,0.009374628913624658
2014-10-30,0.008889977331688947
2014-10-31,0.009216549822192305
2014-11-03,0.009153231705307185
2014-11-05,0.008315263366239195
2014-11-06,0.008605084269637034
2014-11-07,0.00885564571699031
2014-11-10,0.00899609630811582
2014-11-11,0.008213125834754906
2014-11-12,0.008611027383733413
2014-11-13,0.008877496965853202
2014-11-14,0.008257446117382314
2014-11-17,0.00817290479207329
2014-11-18,0.008844236265589514
2014-11-19,0.00844951584110315
2014-11-20,0.008527218464940797
2014-11-21,0.00846307018654388
2014-11-24,0.00843815496043046
2014-11-25,0.008276128166900931
2014-11-26,0.008504062822318081
2014-11-27,0.008112057195890462
2014-11-28,0.00765126829815907
2014-12-01,0.007813857685118233
2014-12-02,0.008415793000777036
2014-12-03,0.00792186073421175
2014-12-04,0.007918734448849746
2014-12-05,0.008783708710781449
2014-12-08,0.008786716516007348
2014-12-09,0.00943955536970735
2014-12-10,0.009329101935301426
2014-12-11,0.0095708350187228
2014-12-12,0.008715403685916903
2014-12-15,0.009252671024468195
2014-12-16,0.00962451217146143
2014-12-17,0.00939538247107008
2014-12-18,0.009709012057950467
2014-12-19,0.00990940043439123
2014-12-22,0.009964286827530547
2014-12-23,0.010716217454786459
2014-12-24,0.010038614398793486
2014-12-25,0.00969753002441319
2014-12-26,0.010497125079264133
2014-12-29,0.010392380606830828
2014-12-30,0.010241050686323333
2015-01-05,0.011234453286838725
2015-01-06,0.01136013607270396
2015-01-08,0.01136102427736109
2015-01-09,0.011030151155922624
2015-01-12,0.011466862269665853
2015-01-13,0.011710270672260159
2015-01-14,0.010968492159632415
2015-01-15,0.011389659593610713
2015-01-16,0.011024916103826651
2015-01-19,0.011509278064051179
2015-01-20,0.011221972061198807
2015-01-21,0.011380588059199864
2015-01-22,0.010499232114549756
2015-01-23,0.01173719801444037
2015-01-26,0.0123591780266811
2015-01-27,0.012784022258587338
2015-01-28,0.010994049107538359
2015-01-29,0.012056120803004014
2015-01-30,0.011777367683682177
2015-02-02,0.012087040137424468
2015-02-03,0.01232744991929649
2015-02-04,0.011743727280012425
2015-02-05,0.012221854831331855
2015-02-06,0.012139878327216788
2015-02-09,0.011381105573417274
2015-02-10,0.011386686035537621
2015-02-11,0.012863783845889334
2015-02-12,0.012729944508064125
2015-02-13,0.012970772970832017
2015-02-16,0.013435023442059768
2015-02-17,0.011694712439712776
2015-02-18,0.012819714897794349
2015-02-19,0.013209459097489357
2015-02-20,0.012472054330241913
2015-02-24,0.01272690630940966
2015-02-25,0.013889806696067458
2015-02-26,0.012060748079712955
2015-02-27,0.012138409329162575
2015-03-02,0.0140420378207963
2015-03-03,0.013076231524252371
2015-03-04,0.014174072446682118
2015-03-05,0.012440765671621445
2015-03-06,0.013910040477242397
2015-03-10,0.01488274563849186
2015-03-11,0.013901533046230374
2015-03-12,0.011469442387329498
2015-03-13,0.01266459238906971
2015-03-16,0.012370063668004458
2015-03-17,0.013470643815829145
2015-03-18,0.012368171171764919
2015-03-19,0.01193388203811345
2015-03-20,0.013414747159071691
2015-03-23,0.013973548353700418
2015-03-24,0.01230695317572389
2015-03-25,0.013544524693461776
2015-03-26,0.01250303775430657
2015-03-27,0.012573170429534264
2015-03-30,0.01268133106947536
2015-03-31,0.012346399444474104
2015-04-01,0.012943891479566705
2015-04-02,0.012572123838019464
2015-04-03,0.013286224881121259
2015-04-06,0.012933586981245332
2015-04-07,0.012317475088643878
2015-04-08,0.011070403667833642
2015-04-09,0.01172689930894559
2015-04-10,0.011447269514641908
2015-04-13,0.01138756067067942
2015-04-14,0.011075079961593723
2015-04-15,0.011946595575837299
2015-04-16,0.011406877530154722
2015-04-17,0.011627282167999062
2015-04-20,0.011325931837141437
2015-04-21,0.012190250119137852
2015-04-22,0.011543041438077065
2015-04-23,0.011760191019983851
2015-04-24,0.011104034648753716
2015-04-27,0.011575976557038153
2015-04-28,0.010963366595832982
2015-04-29,0.01014031461744945
2015-04-30,0.011364808269327842
2015-05-05,0.01115711047492203
2015-05-06,0.010866163014437727
2015-05-07,0.010746651041525682
2015-05-08,0.01153025576697271
2015-05-12,0.010877325861533421
2015-05-13,0.009442830186145806
2015-05-14,0.010585454736626879
2015-05-15,0.011354726123978504
2015-05-18,0.010465563679350087
2015-05-19,0.009951993364543346
2015-05-20,0.01011806245450278
2015-05-21,0.009725059919037632
2015-05-22,0.010309806780837025
2015-05-25,0.009792953726478704
2015-05-26,0.010470869844746086
2015-05-27,0.010501551575251802
2015-05-28,0.009874043876390057
2015-05-29,0.010114135583322012
2015-06-01,0.010584680057334983
2015-06-02,0.009706587530526625
2015-06-03,0.010955275970786715
2015-06-04,0.010621805582943053
2015-06-05,0.009846153561443582
2015-06-08,0.010054266871400874
2015-06-09,0.010290200556413817
2015-06-10,0.00909526040014455
2015-06-11,0.009554515742891082
2015-06-15,0.008818176000248687
2015-06-16,0.009816142968716954
2015-06-17,0.008526245912775565
2015-06-18,0.009253265229451899
2015-06-19,0.009039874929200706
2015-06-22,0.008590138963862307
2015-06-23,0.00805761336236921
2015-06-24,0.008494500100272015
2015-06-25,0.008512868783209865
2015-06-26,0.008240925081400521
2015-06-29,0.007735242209384208
2015-06-30,0.008398422649595935
2015-07-01,0.007866063171785079
2015-07-02,0.007507020189707614
2015-07-03,0.008528971535953084
2015-07-06,0.007522421612090907
2015-07-07,0.007449854888761542
2015-07-08,0.007088297875098695
2015-07-09,0.007245291426911354
2015-07-10,0.007830260765804606
2015-07-13,0.007815101263290714
2015-07-14,0.008487853951564275
2015-07-15,0.007309594903871064
2015-07-16,0.006785516789242815
2015-07-17,0.007390384776309877
2015-07-20,0.007344055362828936
2015-07-21,0.007394010047822253
2015-07-22,0.00698603303957418
2015-07-23,0.007058844773775871
2015-07-24,0.006323604502399133
2015-07-27,0.007209678082973042
2015-07-28,0.006722494281514335
2015-07-29,0.006687017965193692
2015-07-30,0.0067332956118765636
2015-07-31,0.007461850253824703
2015-08-03,0.006258992508351227
2015-08-04,0.007066028974856295
2015-08-05,0.007120207843217458
2015-08-06,0.006807884506941364
2015-08-07,0.006760019449329191
2015-08-10,0.007330220692906064
2015-08-11,0.006190321692354575
2015-08-12,0.007118864114989104
2015-08-13,0.006732012483002162
2015-08-14,0.007347460188757107
2015-08-17,0.006178146835801465
2015-08-18,0.007002628865816124
2015-08-19,0.0064559802970432095
2015-08-20,0.005873922925808753
2015-08-21,0.0066479528795484605
2015-08-24,0.007233412057997518
2015-08-25,0.007657418884233838
2015-08-26,0.00687161205594275
2015-08-27,0.007689524799331576
2015-08-28,0.007337535808044471
2015-08-31,0.007012856220186922
2015-09-01,0.007354789878844553
2015-09-02,0.007462606414598019
2015-09-03,0.007670451467791953
2015-09-04,0.007050931458624246
2015-09-07,0.006688239961729001
2015-09-08,0.007320570525254921
2015-09-09,0.006919574763193992
2015-09-10,0.007456828854083761
2015-09-11,0.007344136102964818
2015-09-14,0.006970775893674203
2015-09-15,0.0069205817299548
2015-09-16,0.007071488109447771
2015-09-17,0.0068050510722164614
2015-09-18,0.007166278382350691
2015-09-21,0.00758071453139518
2015-09-22,0.00799240293529166
2015-09-23,0.007459843562002383
2015-09-24,0.007575013835335348
2015-09-25,0.006893094681848719
2015-09-28,0.007540848005286552
2015-09-29,0.006706271784281084
2015-09-30,0.006885409412055496
2015-10-01,0.008068320306268875
2015-10-02,0.007813848533134798
2015-10-05,0.007776492598142087
2015-10-06,0.008310980583501326
2015-10-07,0.007992335528593311
2015-10-08,0.007624732220867694
2015-10-09,0.008204932357983905
2015-10-12,0.008025913990671332
2015-10-13,0.008254616869143486
2015-10-14,0.007951091970831284
2015-10-15,0.008553905801573558
2015-10-16,0.007885572238023261
2015-10-19,0.008335739505519232
2015-10-20,0.008471237715017524
2015-10-21,0.007944057290007717
2015-10-22,0.008499454762745218
2015-10-23,0.007849719703362151
2015-10-26,0.008505108858267746
2015-10-27,0.007836270764323236
2015-10-28,0.007408164704425471
2015-10-29,0.007587075328110926
2015-10-30,0.007867651141043111
2015-11-02,0.007549733191943103
2015-11-03,0.007335332943251921
2015-11-05,0.007993249466278496
2015-11-06,0.008086315266125313
2015-11-09,0.007365925774678206
2015-11-10,0.007255839209807907
2015-11-11,0.007720743785915321
2015-11-12,0.007176208918857743
2015-11-13,0.00791761461850067
2015-11-16,0.00827827248668575
2015-11-17,0.008203207379534672
2015-11-18,0.00793326863346791
2015-11-19,0.007636900356915874
2015-11-20,0.007729597118667442
2015-11-23,0.007951436221930674
2015-11-24,0.00864072577144856
2015-11-25,0.007898468843027182
2015-11-26,0.008292676857453829
2015-11-27,0.007827338119430802
2015-11-30,0.008422542189902918
2015-12-01,0.007418683782696528
2015-12-02,0.007690277766374348
2015-12-03,0.008115236931101416
2015-12-04,0.007996379568668346
2015-12-07,0.007919287492408764
2015-12-08,0.00831851969622914
2015-12-09,0.008783017237648544
2015-12-10,0.008424136035275392
2015-12-11,0.008273019301066567
2015-12-14,0.008100530576124781
2015-12-15,0.0087343734843809
2015-12-16,0.008099747094546375
2015-12-17,0.00842766559184581
2015-12-18,0.008441912675773822
2015-12-21,0.008508684754580692
2015-12-22,0.008738025277248582
2015-12-23,0.00823811952484238
2015-12-24,0.008766510011594036
2015-12-25,0.008755707136365337
2015-12-28,0.007916867335628366
2015-12-29,0.00855224523198804
2015-12-30,0.008105288041910075
2016-01-04,0.008298307058389645
2016-01-05,0.008835939168363699
2016-01-06,0.00858787344661778
2016-01-11,0.008980076700581416
2016-01-12,0.00850177432669802
2016-01-13,0.009045444975033831
2016-01-14,0.008358695145656861
2016-01-15,0.008743753740893034
2016-01-18,0.008818583797331317
2016-01-19,0.009151758852038214
2016-01-20,0.010012495785319181
2016-01-21,0.009467130429409151
2016-01-22,0.009840140985264215
2016-01-25,0.010083708692136234
2016-01-26,0.010223846232854328
2016-01-27,0.010786401746096491
2016-01-28,0.010314187998850172
2016-01-29,0.010367122456733657
2016-02-01,0.010927014279383085
2016-02-02,0.010446873635760079
2016-02-03,0.010242508011233178
2016-02-04,0.009792227752914023
2016-02-05,0.010033580588139274
2016-02-08,0.010222963229998203
2016-02-09,0.010325516334676502
2016-02-10,0.010704809713178456
2016-02-11,0.010656239527711067
2016-02-12,0.010769709360744423
2016-02-15,0.010886413876176448
2016-02-16,0.010860769555432664
2016-02-17,0.010214821057913243
2016-02-18,0.010843255586827485
2016-02-19,0.010684072644899095
2016-02-22,0.010386030148219746
2016-02-24,0.01086380627717945
2016-02-25,0.010583997990964447
2016-02-26,0.009847452891502212
2016-02-29,0.010754250920384678
2016-03-01,0.01020814562661429
2016-03-02,0.009905574707901793
2016-03-03,0.010781357589911542
2016-03-04,0.01010126743302811
2016-03-07,0.010255065247792128
2016-03-09,0.010040946628458655
2016-03-10,0.010714003465995589
2016-03-11,0.009615453302889293
2016-03-14,0.010468368956573007
2016-03-15,0.009801016119959455
2016-03-16,0.009735047047627426
2016-03-17,0.01019134641655349
2016-03-18,0.010738405770922319
2016-03-21,0.009396970526104623
2016-03-22,0.008510921458953047
2016-03-23,0.009744603763961565
2016-03-24,0.010550952310698344
2016-03-25,0.00932181314958895
2016-03-28,0.009271519103093415
2016-03-29,0.009152343111607508
2016-03-30,0.009748967700349082
2016-03-31,0.009337572644261619
2016-04-01,0.009727300862155883
2016-04-04,0.009534412826755961
2016-04-05,0.009645072562854004
2016-04-06,0.009512773585943907
2016-04-07,0.009095548230390563
2016-04-08,0.008991810811855891
2016-04-11,0.009133197560243403
2016-04-12,0.008700386337890526
2016-04-13,0.009238588852643115
2016-04-14,0.009117300256200084
2016-04-15,0.009384839322137795
2016-04-18,0.007865602915268707
2016-04-19,0.008184135619611718
2016-04-20,0.008755265781097643
2016-04-21,0.008879780294496722
2016-04-22,0.008753784341433188
2016-04-25,0.007432448405075787
2016-04-26,0.007387653398489041
2016-04-27,0.0075761091358028665
2016-04-28,0.007294935760214713
2016-04-29,0.008672288161754665
2016-05-04,0.007958768984078754
2016-05-05,0.007462993271917129
2016-05-06,0.0075441724259299875
2016-05-10,0.0075460428590820305
2016-05-11,0.006301688607679837
2016-05-12,0.0071009491489421595
2016-05-13,0.008092593726085437
2016-05-16,0.00762144939051515
2016-05-17,0.00713142616737221
2016-05-18,0.007137321819966666
2016-05-19,0.007382232993313392
2016-05-20,0.007129620336397052
2016-05-23,0.007539747588724929
2016-05-24,0.006545322126297354
2016-05-25,0.007621851345431432
2016-05-26,0.006673905227826182
2016-05-27,0.007149067660808778
2016-05-30,0.007182165223356546
2016-05-31,0.0069172019186166805
2016-06-01,0.006882596227703541
2016-06-02,0.006853307459180016
2016-06-03,0.0071048055823715595
2016-06-06,0.006571053462642654
2016-06-07,0.007035798217534611
2016-06-08,0.006618807588748943
2016-06-09,0.006544628488666049
2016-06-10,0.007413117186341356
2016-06-14,0.007169091911912506
2016-06-15,0.006638383804911552
2016-06-16,0.006825501880289395
2016-06-17,0.007692661573700368
2016-06-20,0.0077345905361183576
2016-06-21,0.006594655370607841
2016-06-22,0.007162302397436482
2016-06-23,0.006528934778144813
2016-06-24,0.007332570393230334
2016-06-27,0.007564999443884779
2016-06-28,0.0072565078664379445
2016-06-29,0.007274916372751752
2016-06-30,0.006990572346907323
2016-07-01,0.007468100802674488
2016-07-04,0.007617203656293869
2016-07-05,0.006917682975946332
2016-07-06,0.007145251636473601
2016-07-07,0.0073608134050109075
2016-07-08,0.007725504618269097
2016-07-11,0.007569811999960957
2016-07-12,0.00703811400276777
2016-07-13,0.007881924543165955
2016-07-14,0.007282555377020772
2016-07-15,0.007644123842407383
2016-07-18,0.007351659048868184
2016-07-19,0.00761752254393025
2016-07-20,0.007320871060693443
2016-07-21,0.007006708349543589
2016-07-22,0.0068732711935610424
2016-07-25,0.0068932540576224915
2016-07-26,0.007025841405168931
2016-07-27,0.006678394382648736
2016-07-28,0.006562471336583997
2016-07-29,0.006982737123233801
2016-08-01,0.006937083968537178
2016-08-02,0.006216031262243668
2016-08-03,0.006456008800823088
2016-08-04,0.006768209465712952
2016-08-05,0.006589723046123319
2016-08-08,0.006631168406916757
2016-08-09,0.006267366829057319
2016-08-10,0.006716777951098249
2016-08-11,0.0063409415021980775
2016-08-12,0.0066960073511860285
2016-08-15,0.00582844367342257
2016-08-16,0.005721757540483791
2016-08-17,0.006445829845471915
2016-08-18,0.006222522428811286
2016-08-19,0.006666692513068048
2016-08-22,0.005999958663594304
2016-08-23,0.006534161170540731
2016-08-24,0.006187190714155397
2016-08-25,0.005557938170975274
2016-08-26,0.006400649663053565
2016-08-29,0.005572847663649183
2016-08-30,0.005571152388917602
2016-08-31,0.006374461308560814
2016-09-01,0.006027177321457591
2016-09-02,0.006334874736930757
2016-09-05,0.005644291873634091
2016-09-06,0.005895765979134937
2016-09-07,0.0055382703243557485
2016-09-08,0.005715828818320154
2016-09-09,0.005906750506633376
2016-09-12,0.005207646219914805
2016-09-13,0.005927772840229495
2016-09-14,0.005295318210515029
2016-09-15,0.005769325032871808
2016-09-16,0.005648497748484416
2016-09-19,0.0056689269261999825
2016-09-20,0.005481978773134347
2016-09-21,0.005144742840481012
2016-09-22,0.005458682943856083
2016-09-23,0.005279807468848471
2016-09-26,0.005044797410569207
2016-09-27,0.004726774548845722
2016-09-28,0.005229102333970212
2016-09-29,0.004668431909948562
2016-09-30,0.00475401587720134
2016-10-03,0.004751015331454653
2016-10-04,0.004730865772757817
2016-10-05,0.004932276614571726
2016-10-06,0.004698437318296278
2016-10-07,0.0046235382971619166
2016-10-10,0.004867566744908236
2016-10-11,0.0045992717541406825
2016-10-12,0.004938036021699163
2016-10-13,0.004449914825736048
2016-10-14,0.004989371992004776
2016-10-17,0.004795200812438102
2016-10-18,0.005019406644689986
2016-10-19,0.004460764126669792
2016-10-20,0.004704070799518359
2016-10-21,0.004721878238685487
2016-10-24,0.00430750901714666
2016-10-25,0.004984181643244948
2016-10-26,0.004827838748209384
2016-10-27,0.005168835142343731
2016-10-28,0.004668181274224845
2016-10-31,0.004520945054845182
2016-11-01,0.003963085657318094
2016-11-02,0.0045054393979093305
2016-11-03,0.004461976826394237
2016-11-07,0.004921752534463697
2016-11-08,0.0044954273498871294
2016-11-09,0.004793861510490605
2016-11-10,0.00533263635194621
2016-11-11,0.005335749703740178
2016-11-14,0.004954794293055856
2016-11-15,0.005194166288316676
2016-11-16,0.005156612985317277
2016-11-17,0.005048657026389666
2016-11-18,0.004979106041774248
2016-11-21,0.004958320992305837
2016-11-22,0.0047142446727932025
2016-11-23,0.004888819848979986
2016-11-24,0.005420026231517605
2016-11-25,0.00547612903607772
2016-11-28,0.005069510304322511
2016-11-29,0.005384310382952465
2016-11-30,0.005288564601541881
2016-12-01,0.005249987272485074
2016-12-02,0.005204601588906052
2016-12-05,0.004941259647963048
2016-12-06,0.005309486471976668
2016-12-07,0.0052539742975709625
2016-12-08,0.005250014137689302
2016-12-09,0.004991871842967052
2016-12-12,0.005366063032298932
2016-12-13,0.004996491826006755
2016-12-14,0.005275754150344175
2016-12-15,0.005108753130612501
2016-12-16,0.005431245521121231
2016-12-19,0.005331103042655327
2016-12-20,0.0056384430885314946
2016-12-21,0.005405735043868293
2016-12-22,0.0057371338142891415
2016-12-23,0.005584438400710948
2016-12-26,0.005282856332149713
2016-12-27,0.005033044475075493
2016-12-28,0.005231399363097619
2016-12-29,0.005338345485280407
2016-12-30,0.005671631611972566
2017-01-03,0.005648733817233506
2017-01-04,0.005830432253263004
2017-01-05,0.006288648280158557
2017-01-06,0.005796239790432395
2017-01-09,0.006364392150784784
2017-01-10,0.005940804654058843
2017-01-11,0.006124560301396839
2017-01-12,0.005991067025642546
2017-01-13,0.006582281950400462
2017-01-16,0.006522451371812413
2017-01-17,0.0058920663223740455
2017-01-18,0.005582075235897502
2017-01-19,0.006324587282857175
2017-01-20,0.00605274849823402
2017-01-23,0.00616589863866808
2017-01-24,0.006455041560821689
2017-01-25,0.005732083430548915
2017-01-26,0.006531797536329542
2017-01-27,0.006845263740791682
2017-01-30,0.006672734944508291
2017-01-31,0.006837904003948639
2017-02-01,0.006707410966260943
2017-02-02,0.006937546303093983
2017-02-03,0.007015430154107341
2017-02-06,0.007018035910175566
2017-02-07,0.006961608828950638
2017-02-08,0.006841467248849098
2017-02-09,0.006600543441034862
2017-02-10,0.006452808493999346
2017-02-13,0.007045676285872993
2017-02-14,0.006644985570879919
2017-02-15,0.006728679848464675
2017-02-16,0.00670134707421656
2017-02-17,0.0071696888530922015
2017-02-20,0.006649758189720967
2017-02-21,0.00691446461545045
2017-02-22,0.006848570621579869
2017-02-24,0.007095059863131498
2017-02-27,0.006589340696498261
2017-02-28,0.006269808128342352
2017-03-01,0.007323579068622174
2017-03-02,0.007346575443988007
2017-03-03,0.007022305302063339
2017-03-06,0.006908726743989221
2017-03-07,0.007282699307484694
2017-03-09,0.00772187912808163
2017-03-10,0.007772088751263451
2017-03-13,0.006939877683056955
2017-03-14,0.007190516504304134
2017-03-15,0.007347860485829874
2017-03-16,0.007302559078060281
2017-03-17,0.007715441501553649
2017-03-20,0.007391967443387132
2017-03-21,0.0072398971168955994
2017-03-22,0.0070623329298859505
2017-03-23,0.007445827806727756
2017-03-24,0.006973148125710163
2017-03-27,0.006907948490693455
2017-03-28,0.007521340272485133
2017-03-29,0.007620641289308838
2017-03-30,0.0075302338326869445
2017-03-31,0.007578016057762663
2017-04-03,0.007106872371384382
2017-04-04,0.006983592678943412
2017-04-05,0.007334034385826069
2017-04-06,0.0072665115336921215
2017-04-07,0.007072445563191157
2017-04-10,0.007054266894209002
2017-04-11,0.007204556166187218
2017-04-12,0.00757323145728607
2017-04-13,0.007053899655359047
2017-04-14,0.007050674433619661
2017-04-17,0.007722915784991194
2017-04-18,0.008212827258052516
2017-04-19,0.007889004962843546
2017-04-20,0.007426423628783693
2017-04-21,0.007453421293695334
2017-04-24,0.007983978260817579
2017-04-25,0.008392584148634863
2017-04-26,0.00819328113280074
2017-04-27,0.007346334522065734
2017-04-28,0.006703443495440414
2017-05-02,0.007241356885133096
2017-05-03,0.007501360877267507
2017-05-04,0.006930102118124934
2017-05-05,0.007296250399347615
2017-05-10,0.0069776297368814855
2017-05-11,0.0074055701381565975
2017-05-12,0.007935548388824196
2017-05-15,0.007414617384957856
2017-05-16,0.0072043493392833224
2017-05-17,0.007529411181175227
2017-05-18,0.006911791396099112
2017-05-19,0.006667166616830977
2017-05-22,0.007414683972595787
2017-05-23,0.007432232132526043
2017-05-24,0.007109321054778656
2017-05-25,0.007176143711813701
2017-05-26,0.007150158062065509
2017-05-29,0.007212960912717031
2017-05-30,0.006344374970283478
2017-05-31,0.007602587558341034
2017-06-01,0.006775825654952494
2017-06-02,0.007832887308333633
2017-06-05,0.006944285284622376
2017-06-06,0.007604008356628264
2017-06-07,0.007092842743872854
2017-06-08,0.006553982609015685
2017-06-09,0.006801261666099956
2017-06-13,0.006742071355404958
2017-06-14,0.007487837540614037
2017-06-15,0.007028560829499625
2017-06-16,0.007739781294098358
2017-06-19,0.007264390299868667
2017-06-20,0.0066904834186849865
2017-06-21,0.006809579093849202
2017-06-22,0.006722788191692433
2017-06-23,0.0069050194048833335
2017-06-26,0.0067576781430506855
2017-06-27,0.006973121602253579
2017-06-28,0.0071801821800654975
2017-06-29,0.006406763080608627
2017-06-30,0.0064529266240306304
2017-07-03,0.007140534171832982
2017-07-04,0.007077007306636476
2017-07-05,0.006562612427006662
2017-07-06,0.006260935767063089
2017-07-07,0.006634975813670493
2017-07-10,0.006286210822722849
2017-07-11,0.006375442404444695
2017-07-12,0.006777766790807618
2017-07-13,0.006425746448840433
2017-07-14,0.0059846838987924755
2017-07-17,0.006285633233023544
2017-07-18,0.006014726338065907
2017-07-19,0.005758877232580284
2017-07-20,0.005895544890757165
2017-07-21,0.005651757842551203
2017-07-24,0.005858267425671804
2017-07-25,0.00558536171875601
2017-07-26,0.005552352610605035
2017-07-27,0.00576304022445244
2017-07-28,0.005244523419984937
2017-07-31,0.005422569497241667
2017-08-01,0.005226040097800838
2017-08-02,0.005823491782880677
2017-08-03,0.005732326683330111
2017-08-04,0.005129974897472675
2017-08-07,0.00479369158077482
2017-08-08,0.005566145477259282
2017-08-09,0.005720121902906952
2017-08-10,0.0051205113120112306
2017-08-11,0.00573558849471395
2017-08-14,0.005302285993337624
2017-08-15,0.005390668982286309
2017-08-16,0.005855242022220167
2017-08-17,0.005545078415393381
2017-08-18,0.005441333766217568
2017-08-21,0.0053588995571531295
2017-08-22,0.005650755997212251
2017-08-23,0.005380695629685281
2017-08-24,0.005260634396810446
2017-08-25,0.005779902744466089
2017-08-28,0.005588313733207437
2017-08-29,0.005246329550559675
2017-08-30,0.005427394048847969
2017-08-31,0.0052661237193127874
2017-09-01,0.0054777508704620115
2017-09-04,0.005175969149726123
2017-09-05,0.004882657364644619
2017-09-06,0.005167909699648851
2017-09-07,0.004954818117785767
2017-09-08,0.005194671043542501
2017-09-11,0.004909968339633766
2017-09-12,0.004852961431741271
2017-09-13,0.005121255129865332
2017-09-14,0.004790531387447686
2017-09-15,0.004879233501093122
2017-09-18,0.004844967283284665
2017-09-19,0.004853294197901481
2017-09-20,0.004860645241857697
2017-09-21,0.004525233243827781
2017-09-22,0.004613045309952754
2017-09-25,0.0045270982282814565
2017-09-26,0.0046084728935162494
2017-09-27,0.004846210941092166
2017-09-28,0.004862098078645544
2017-09-29,0.004596264543488812
2017-10-02,0.004399898783913392
2017-10-03,0.004268391308375891
2017-10-04,0.004415454290865262
2017-10-05,0.004696287687156284
2017-10-06,0.003980381835520783
2017-10-09,0.004063650434263252
2017-10-10,0.0043787026000519785
2017-10-11,0.004485609338196611
2017-10-12,0.004484748869115582
2017-10-13,0.004168841892153788
2017-10-16,0.004333954956208169
2017-10-17,0.00424387962571679
2017-10-18,0.004312922488335508
2017-10-19,0.0043459931975911165
2017-10-20,0.004394824158640259
2017-10-23,0.004453762673654854
2017-10-24,0.003926710334576658
2017-10-25,0.004114614389482352
2017-10-26,0.0036773907377828374
2017-10-27,0.004462289525006394
2017-10-30,0.0037451727602045848
2017-10-31,0.003743064267684615
2017-11-01,0.0038289365740459824
2017-11-02,0.004169493245762879
2017-11-03,0.0037667285745393297
2017-11-07,0.004488816562923978
2017-11-08,0.0045846146654469205
2017-11-09,0.0043377317817969024
2017-11-10,0.0038910148115138266
2017-11-13,0.0041846824628222895
2017-11-14,0.0040944133299795765
2017-11-15,0.004780704809846104
2017-11-16,0.004622843089719608
2017-11-17,0.004623012247916697
2017-11-20,0.004437618213706626
2017-11-21,0.004772988740488343
2017-11-22,0.004264530843901229
2017-11-23,0.0044300772358839835
2017-11-24,0.004487291002325408
2017-11-27,0.004264468153469869
2017-11-28,0.004412339695818279
2017-11-29,0.004550569792718062
2017-11-30,0.004444919902289721
2017-12-01,0.004435259346600801
2017-12-04,0.004752735202736474
2017-12-05,0.004559732490931098
2017-12-06,0.004345333237891713
2017-12-07,0.004779040904281662
2017-12-08,0.004523202346358321
2017-12-11,0.004812642565848915
2017-12-12,0.004979090889317861
2017-12-13,0.005256069424896689
2017-12-14,0.004954709935817508
2017-12-15,0.005128821505737138
2017-12-18,0.005176324893060802
2017-12-19,0.0049516465098870255
2017-12-20,0.00533524111569432
2017-12-21,0.005411803082246994
2017-12-22,0.0055228616149887305
2017-12-25,0.005252191837151365
2017-12-26,0.005535673269150013
2017-12-27,0.00541503380250781
2017-12-28,0.005176503956737105
2017-12-29,0.0053010648916794745
2018-01-03,0.005386969087210189
2018-01-04,0.005765781218872099
2018-01-05,0.0057911081288122
2018-01-09,0.005674502748720778
2018-01-10,0.006331221542252713
2018-01-11,0.006013115828197246
2018-01-12,0.006342295193286926
2018-01-15,0.005695173396824613
2018-01-16,0.005744673550754906
2018-01-17,0.006085027988668876
2018-01-18,0.00562658099332522
2018-01-19,0.005713829576996662
2018-01-22,0.006466416511267448
2018-01-23,0.006173249249177268
2018-01-24,0.005912307311770726
2018-01-25,0.006056431593368938
2018-01-26,0.0063946097024625975
2018-01-29,0.0063279298081835855
2018-01-30,0.006221148062288628
2018-01-31,0.005783884012430809
2018-02-01,0.005734429511424
2018-02-02,0.0060775046443229674
2018-02-05,0.006057774622153206
2018-02-06,0.006631862306296768
2018-02-07,0.006784685775951593
2018-02-08,0.006176589307948482
2018-02-09,0.006175333134298536
2018-02-12,0.005982751829658461
2018-02-13,0.006176070104136053
2018-02-14,0.006010933741014843
2018-02-15,0.00659485101988308
2018-02-16,0.006414417043790949
2018-02-19,0.0061608866993159705
2018-02-20,0.006388166700349723
2018-02-21,0.0061793910718142275
2018-02-22,0.006519765541680697
2018-02-26,0.006947560124131974
2018-02-27,0.0068598049793637955
2018-02-28,0.006590509989298485
2018-03-01,0.006914997510941739
2018-03-02,0.006674041189102517
2018-03-05,0.0068533097243788504
2018-03-06,0.006422051290965056
2018-03-07,0.006851883753263552
2018-03-09,0.006509594066354818
2018-03-12,0.006938049841311522
2018-03-13,0.006468126573751842
2018-03-14,0.0061431332524459065
2018-03-15,0.006828895056740794
2018-03-16,0.006627740588278336
2018-03-19,0.006591874944038248
2018-03-20,0.006457218846714546
2018-03-21,0.006020593239734098
2018-03-22,0.006533231642483706
2018-03-23,0.006758427921832816
2018-03-26,0.006705403052893993
2018-03-27,0.0067499296283327626
2018-03-28,0.0067915203876149355
2018-03-29,0.006623817751352373
2018-03-30,0.006419990726935554
2018-04-02,0.006665152266886035
2018-04-03,0.007040159793795714
2018-04-04,0.007070796353907963
2018-04-05,0.006817295780771393
2018-04-06,0.006891658625056446
2018-04-09,0.007939761924063912
2018-04-10,0.009428334033367583
2018-04-11,0.009173325695660331
2018-04-12,0.008725164272461991
2018-04-13,0.009751078878155878
2018-04-16,0.009303825817066791
2018-04-17,0.009869012117511983
2018-04-18,0.009950752181303896
2018-04-19,0.010172913815106946
2018-04-20,0.00910536968913632
2018-04-23,0.009172992017868628
2018-04-24,0.009495045672570063
2018-04-25,0.008662177646399774
2018-04-26,0.00895471327161916
2018-04-27,0.00903813130965496
2018-04-30,0.008874393752778431
2018-05-02,0.008810899565751887
2018-05-03,0.009276921470405194
2018-05-04,0.008854269869699491
2018-05-07,0.009766530093487519
2018-05-08,0.00913297203056243
2018-05-10,0.010199722621774154
2018-05-11,0.009893948742864839
2018-05-14,0.009624046225274574
2018-05-15,0.009164383989271344
2018-05-16,0.009669018908389324
2018-05-17,0.009666804216707015
2018-05-18,0.009198257003265722
2018-05-21,0.008373435597893358
2018-05-22,0.00941016100322549
2018-05-23,0.008968790617613284
2018-05-24,0.009252170315192418
2018-05-25,0.008588251644778028
2018-05-28,0.008785814554165328
2018-05-29,0.008608799285768215
2018-05-30,0.009103141649215843
2018-05-31,0.008578906591023477
2018-06-01,0.008125928284094433
2018-06-04,0.009032174958308062
2018-06-05,0.008343188897065812
2018-06-06,0.008565322094239297
2018-06-07,0.008530471622935465
2018-06-08,0.00890203111311233
2018-06-11,0.009343494256541823
2018-06-13,0.009029220294921342
2018-06-14,0.00891050863451652
2018-06-15,0.008307517121097258
2018-06-18,0.00807720489562655
2018-06-19,0.009282008166650785
2018-06-20,0.008806089605754186
2018-06-21,0.009194894083689176
2018-06-22,0.00869653644030706
2018-06-25,0.008737758156064604
2018-06-26,0.008984153278198195
2018-06-27,0.009023513559512447
2018-06-28,0.008339201833021212
2018-06-29,0.008217127895167889
2018-07-02,0.009246798639531206
2018-07-03,0.00863660369956104
2018-07-04,0.00855484981669112
2018-07-05,0.008272159744544691
2018-07-06,0.008831134843712507
2018-07-09,0.009490390264013687
2018-07-10,0.008705312901082188
2018-07-11,0.007295057484166728
2018-07-12,0.006238604921436269
2018-07-13,0.0063729670397928845
2018-07-16,0.006478558897089273
2018-07-17,0.006256826268078816
2018-07-18,0.005920049870324295
2018-07-19,0.006119996840128025
2018-07-20,0.0054790489456533475
2018-07-23,0.006122327987383075
2018-07-24,0.006256116983253596
2018-07-25,0.006155373396626321
2018-07-26,0.00581141455551612
2018-07-27,0.005875852966397338
2018-07-30,0.005695082611821875
2018-07-31,0.005493159724207122
2018-08-01,0.005853275085516821
2018-08-02,0.0055318274023952035
2018-08-03,0.005899231861285978
2018-08-06,0.0059474520408250575
2018-08-07,0.005449051000379804
2018-08-08,0.005970117274769912
2018-08-09,0.0058906303739947735
2018-08-10,0.005789840210637262
2018-08-13,0.00558326394918543
2018-08-14,0.005768343491450778
2018-08-15,0.006105591834631469
2018-08-16,0.005888422473871752
2018-08-17,0.0055583430585023075
2018-08-20,0.0059304270112695845
2018-08-21,0.0057939113014676
2018-08-22,0.005566166509845122
2018-08-23,0.005690569279901692
2018-08-24,0.005861325589131827
2018-08-27,0.0059523880677630064
2018-08-28,0.006248184305743629
2018-08-29,0.006216955315324069
2018-08-30,0.00616469933373294
2018-08-31,0.0058122390907405785
2018-09-03,0.005737065053931706
2018-09-04,0.006259275027992214
2018-09-05,0.006225215770886944
2018-09-06,0.006240532523263162
2018-09-07,0.006116084608808789
2018-09-10,0.00591342945722069
2018-09-11,0.006226179166030285
2018-09-12,0.0061004192957019865
2018-09-13,0.005602944705015295
2018-09-14,0.005898097384346893
2018-09-17,0.00616302383362799
2018-09-18,0.005761821894365263
2018-09-19,0.005953288744520224
2018-09-20,0.005929820586254297
2018-09-21,0.005706349258774515
2018-09-24,0.0057553939621392824
2018-09-25,0.005969254486801551
2018-09-26,0.005518636093482326
2018-09-27,0.005611185801192825
2018-09-28,0.005549185985217003
2018-10-01,0.005675289416773144
2018-10-02,0.005706074400387368
2018-10-03,0.005998698213060108
2018-10-04,0.005382355825945068
2018-10-05,0.005331179051750998
2018-10-08,0.006103273593880965
2018-10-09,0.00557400725825484
2018-10-10,0.005605084140723471
2018-10-11,0.0057260151070567394
2018-10-12,0.005591701869308158
2018-10-15,0.005843757693875934
2018-10-16,0.006197025034839224
2018-10-17,0.005371263061748205
2018-10-18,0.006245082315683978
2018-10-19,0.005431640223895168
2018-10-22,0.00631911758705149
2018-10-23,0.006750038696583249
2018-10-24,0.006555953107867982
2018-10-25,0.006544159772000721
2018-10-26,0.006826084801742238
2018-10-29,0.006206505357631731
2018-10-30,0.006669575095564387
2018-10-31,0.0066405691072682765
2018-11-01,0.00657865211217025
2018-11-02,0.006987777635218531
2018-11-06,0.007236385977689233
2018-11-07,0.007123275269129273
2018-11-08,0.006944637148783017
2018-11-09,0.00731379679417099
2018-11-12,0.007681333153629469
2018-11-13,0.007267162831655197
2018-11-14,0.006951880150434589
2018-11-15,0.006694066424150227
2018-11-16,0.006887358701697918
2018-11-19,0.006824662981481919
2018-11-20,0.007293166990002958
2018-11-21,0.0064430155596831434
2018-11-22,0.006787768490727902
2018-11-23,0.007069507028199057
2018-11-26,0.006971568421142979
2018-11-27,0.007131636092540208
2018-11-28,0.007057444166355051
2018-11-29,0.007335274876748149
2018-11-30,0.007545683812552564
2018-12-03,0.00740262497523278
2018-12-04,0.007044132805741857
2018-12-05,0.007586110614235128
2018-12-06,0.007887031389153226
2018-12-07,0.0076260274222508945
2018-12-10,0.007514693215954868
2018-12-11,0.006691897041153944
2018-12-12,0.007761351021307386
2018-12-13,0.008366475485883595
2018-12-14,0.0076116770853935645
2018-12-17,0.007616908779704626
2018-12-18,0.007385640268391835
2018-12-19,0.007297212214052523
2018-12-20,0.0074312823237677045
2018-12-21,0.007394589128822043
2018-12-24,0.007780624487643745
2018-12-25,0.006457563326172616
2018-12-26,0.008202307592126368
2018-12-27,0.008136291626233999
2018-12-28,0.007724916084447253
2019-01-03,0.007287073244214959
2019-01-04,0.007752477646003994
2019-01-08,0.0076002122453671245
2019-01-09,0.008189642836597233
2019-01-10,0.007698231650901763
2019-01-11,0.008261042371724397
2019-01-14,0.007122213293986712
2019-01-15,0.007359691802761956
2019-01-16,0.00766472250415158
2019-01-17,0.007140938866984914
2019-01-18,0.0067337848995953214
2019-01-21,0.00782396150143655
2019-01-22,0.007543440344145905
2019-01-23,0.006786373849924102
2019-01-24,0.006774983896376999
2019-01-25,0.006669760196238883
2019-01-28,0.006823241246329631
2019-01-29,0.007242300201398294
2019-01-30,0.006203138161496244
2019-01-31,0.00662660197697526
2019-02-01,0.006338211610518937
2019-02-04,0.00666856842149656
2019-02-05,0.006444402832571056
2019-02-06,0.006590223021198577
2019-02-07,0.006477765902300717
2019-02-08,0.006215571781066201
2019-02-11,0.005760295293459894
2019-02-12,0.005762548491399289
2019-02-13,0.006332559005967145
2019-02-14,0.006508194146259624
2019-02-15,0.006415917703123164
2019-02-18,0.006596860314546871
2019-02-19,0.006170563670934381
2019-02-20,0.00568967015736159
2019-02-21,0.006974481057677576
2019-02-22,0.006521731705122311
2019-02-25,0.006220583720836392
2019-02-26,0.00648387693039118
2019-02-27,0.0061388548405155036
2019-02-28,0.005587484243091009
2019-03-01,0.005953911803412967
2019-03-04,0.006319736212513
2019-03-05,0.00608277651978377
2019-03-06,0.005834210742390877
2019-03-07,0.005911285425466192
2019-03-11,0.005553695281025034
2019-03-12,0.005871505633199964
2019-03-13,0.005514692291990933
2019-03-14,0.005947077839506515
2019-03-15,0.005673822781856755
2019-03-18,0.0048826808179448095
2019-03-19,0.005415705537006155
2019-03-20,0.005400531325369842
2019-03-21,0.005497756706882073
2019-03-22,0.004781637994068305
2019-03-25,0.005541838349519351
2019-03-26,0.005458278024064997
2019-03-27,0.005712774603581869
2019-03-28,0.005580462528450389
2019-03-29,0.005477732523908457
2019-04-01,0.004944793286182095
2019-04-02,0.005352731440990563
2019-04-03,0.004953518450538014
2019-04-04,0.004785712624043564
2019-04-05,0.004818308389903492
2019-04-08,0.005188180469845843
2019-04-09,0.00459311536995656
2019-04-10,0.004649209108886401
2019-04-11,0.004593102691091797
2019-04-12,0.004626121193193541
2019-04-15,0.004733778267018554
2019-04-16,0.004885071354528314
2019-04-17,0.004756839957345965
2019-04-18,0.004648913081273132
2019-04-19,0.004970553780736797
2019-04-22,0.004802928992468133
2019-04-23,0.0043481772840436445
2019-04-24,0.004588257996334166
2019-04-25,0.004362071614322144
2019-04-26,0.004779870617853482
2019-04-29,0.00479820359611817
2019-04-30,0.004264254725229857
2019-05-02,0.0038567113394547964
2019-05-03,0.004717278538242914
2019-05-06,0.004620727529137378
2019-05-07,0.004431560949088656
2019-05-08,0.00461725849858724
2019-05-10,0.004724541643270866
2019-05-13,0.00453830694397557
2019-05-14,0.004941432675946239
2019-05-15,0.004812873495567291
2019-05-16,0.004699733112867602
2019-05-17,0.004363195563028124
2019-05-20,0.004395551733895775
2019-05-21,0.004714173972312455
2019-05-22,0.004566064421027624
2019-05-23,0.0049689183837797885
2019-05-24,0.004434320555327914
2019-05-27,0.00442732460010771
2019-05-28,0.004480158992970634
2019-05-29,0.004744037474482474
2019-05-30,0.0050557726408255454
2019-05-31,0.004874758162488849
2019-06-03,0.004700949044312189
2019-06-04,0.005279889434525092
2019-06-05,0.00483206066445277
2019-06-06,0.005414096917306613
2019-06-07,0.0051518786808101985
2019-06-10,0.004985454492934374
2019-06-11,0.005064526442762035
2019-06-13,0.005045033343442834
2019-06-14,0.004847079815778976
2019-06-17,0.005105147477668173
2019-06-18,0.005223759281587859
2019-06-19,0.004885597318612309
2019-06-20,0.004970012038158403
2019-06-21,0.00479053193284483
2019-06-24,0.005447165982573804
2019-06-25,0.004873791914680459
2019-06-26,0.0054254322294517016
2019-06-27,0.005075126834657731
2019-06-28,0.004754881428521748
2019-07-01,0.004942596371534616
2019-07-02,0.0050833294383978295
2019-07-03,0.005048076255395675
2019-07-04,0.005551531359780065
2019-07-05,0.005140621463577508
2019-07-08,0.0051513345987206915
2019-07-09,0.005074623484867105
2019-07-10,0.005377664642551128
2019-07-11,0.005298171588853665
2019-07-12,0.005398133178245293
2019-07-15,0.0052970740754596235
2019-07-16,0.005466901664082285
2019-07-17,0.005482779443041111
2019-07-18,0.0055508684611845355
2019-07-19,0.005274744831090264
2019-07-22,0.005442860962805704
2019-07-23,0.005490422542366549
2019-07-24,0.0058810201967467585
2019-07-25,0.005202382024005928
2019-07-26,0.005173751840198776
2019-07-29,0.0055860562479077
2019-07-30,0.005716606429267704
2019-07-31,0.005238297936155545
2019-08-01,0.0052374493503455355
2019-08-02,0.006157372246211559
2019-08-05,0.005224241488908862
2019-08-06,0.006329453622943085
2019-08-07,0.005889266660402265
2019-08-08,0.006128825566973015
2019-08-09,0.005964139456506326
2019-08-12,0.005452509352210283
2019-08-13,0.005996718211346647
2019-08-14,0.005944746376769047
2019-08-15,0.006078250719687803
2019-08-16,0.005791729334397117
2019-08-19,0.005751628707665241
2019-08-20,0.005584687830520532
2019-08-21,0.0054806663554080315
2019-08-22,0.005349367063186561
2019-08-23,0.005808223515023164
2019-08-26,0.005467746651498809
2019-08-27,0.005603413824658357
2019-08-28,0.005133848213631012
2019-08-29,0.005728892454279003
2019-08-30,0.005516958276458345
2019-09-02,0.005365508655988532
2019-09-03,0.005282464219172903
2019-09-04,0.005125513944270715
2019-09-05,0.005071618994213281
2019-09-06,0.004990428730689889
2019-09-09,0.005148406442944106
2019-09-10,0.0052285702241038345
2019-09-11,0.005134536937142137
2019-09-12,0.005589970412193154
2019-09-13,0.005448624595002602
2019-09-16,0.005677034693430685
2019-09-17,0.005854927553706743
2019-09-18,0.005501866455132259
2019-09-19,0.005446909565260491
2019-09-20,0.0053030603840137774
2019-09-23,0.005476132597112604
2019-09-24,0.005441673147412118
2019-09-25,0.0054814519060034095
2019-09-26,0.005677840222944416
2019-09-27,0.005597370974806087
2019-09-30,0.005626236037057003
2019-10-01,0.005613380504803284
2019-10-02,0.005710524459652838
2019-10-03,0.005560793183928922
2019-10-04,0.005947847322373759
2019-10-07,0.0059658812492729
2019-10-08,0.005615281635335062
2019-10-09,0.005697893416310204
2019-10-10,0.00566845824241595
2019-10-11,0.005573153083414106
2019-10-14,0.005666455035147566
2019-10-15,0.005039850930239967
2019-10-16,0.005416991883935102
2019-10-17,0.0054373918226308104
2019-10-18,0.0056245584602388765
2019-10-21,0.005415305370559995
2019-10-22,0.005219161188137228
2019-10-23,0.005543706368638809
2019-10-24,0.005712119149106812
2019-10-25,0.006000970121747259
2019-10-28,0.005743871862103414
2019-10-29,0.005666195168651286
2019-10-30,0.005447163116201387
2019-10-31,0.0052211676741079766
2019-11-01,0.00581498057999788
2019-11-05,0.005768361169061695
2019-11-06,0.005314215339184858
2019-11-07,0.005812360973100547
2019-11-08,0.005815177523636
2019-11-11,0.005334180999821886
2019-11-12,0.005306373466541933
2019-11-13,0.005535533953867397
2019-11-14,0.0055090540681083655
2019-11-15,0.005319135639405434
2019-11-18,0.005647740417713973
2019-11-19,0.005301486306309361
2019-11-20,0.005272921270845235
2019-11-21,0.005404565523344632
2019-11-22,0.005155356201961531
2019-11-25,0.005512635902173074
2019-11-26,0.0053512430974766295
2019-11-27,0.00483589975744636
2019-11-28,0.005282684815583166
2019-11-29,0.005400711403018871
2019-12-02,0.004299589960108444
2019-12-03,0.004624763855649
2019-12-04,0.004637139319809386
2019-12-05,0.005224381489131083
2019-12-06,0.0055052258231430146
2019-12-09,0.0049700841717610494
2019-12-10,0.005636861615244973
2019-12-11,0.005172164075241112
2019-12-12,0.004881317129856372
2019-12-13,0.005074810903710411
2019-12-16,0.005071410661443482
2019-12-17,0.005311504041777271
2019-12-18,0.004582669347997517
2019-12-19,0.005233926995910312
2019-12-20,0.004736033269181428
2019-12-23,0.005216070936207531
2019-12-24,0.004915982125853341
2019-12-25,0.004832948820291255
2019-12-26,0.004778068145600917
2019-12-27,0.004835084129724138
2019-12-30,0.004550494013796938
2020-01-03,0.0054664622456009615
2020-01-06,0.004877245835802901
2020-01-08,0.0050841328933340785
2020-01-09,0.0048331483070562925
2020-01-10,0.0047446355080966035
