date,arima_resids
2008-01-08,-0.5661207741487928
2008-01-09,0.4857769664962319
2008-01-14,0.9606807720500044
2008-01-15,-0.12074871376164253
2008-01-16,-2.276701722137986
2008-01-21,-10.694006965936254
2008-01-22,-9.166198847659501
2008-01-23,1.1828784943446635
2008-01-28,0.6877355396539997
2008-01-29,1.516356463217683
2008-01-30,1.8140727017481595
2008-02-04,0.8309559253119048
2008-02-05,-0.11518898390558974
2008-02-06,-2.9947639806572113
2008-02-11,-5.932479686417125
2008-02-12,3.4550212115998846
2008-02-13,0.24566574728925872
2008-02-18,5.729290024078892
2008-02-19,0.4546107351465878
2008-02-20,2.1426614934327404
2008-02-25,2.107815499162413
2008-02-26,-0.8441210472609484
2008-02-27,-0.07789098574022546
2008-03-03,-4.262707077504402
2008-03-04,2.1712368348117295
2008-03-05,-0.36588389423908296
2008-03-10,-2.7808707196204097
2008-03-11,1.6094332364106734
2008-03-12,-0.03081202567187802
2008-03-17,-4.399337939119441
2008-03-18,1.1471965648579996
2008-03-19,-0.4900850604069973
2008-03-24,-1.653262827754176
2008-03-25,1.518104449010238
2008-03-26,-1.0569469102481577
2008-03-31,-2.4603982860943674
2008-04-01,0.08646221925090458
2008-04-02,2.279285503192874
2008-04-07,2.3005605145350216
2008-04-08,-0.10488773325203482
2008-04-09,0.7445848546105083
2008-04-14,0.9814469368977896
2008-04-15,-0.9640250143704066
2008-04-16,1.1580860206303
2008-04-21,0.004167123352161184
2008-04-22,0.5287320898057501
2008-04-23,0.5726864256017095
2008-04-28,1.488225066847626
2008-04-29,1.6769902729050656
2008-04-30,-0.42267858817499615
2008-05-05,-0.3889295712038887
2008-05-06,-1.0247032539789203
2008-05-07,-1.483512480390381
2008-05-12,-1.4670811211734858
2008-05-13,1.5604191837455872
2008-05-14,0.2768111335589296
2008-05-19,-1.6199270360086615
2008-05-20,0.5544315465918714
2008-05-21,-0.01315595272135539
2008-05-26,-1.244686352363189
2008-05-27,-0.6474212609195007
2008-05-28,0.18168751896290303
2008-06-02,0.27994986289101575
2008-06-03,-0.17355170585968693
2008-06-04,1.670783614613569
2008-06-09,1.0530489594456682
2008-06-10,-0.24515223620156235
2008-06-11,-0.8311915169125328
2008-06-16,1.0181866059795652
2008-06-17,0.26921621424733644
2008-06-18,-0.41897961565044994
2008-06-23,0.13258296652498558
2008-06-24,-0.6022499460319963
2008-06-25,-1.5132323964028416
2008-06-30,-2.2816869818935714
2008-07-01,0.5841097220075753
2008-07-02,0.9088374724843362
2008-07-07,0.45916092535911446
2008-07-08,-2.442199273111889
2008-07-09,-3.052327458483539
2008-07-14,1.4248047268441866
2008-07-15,-4.416195829976921
2008-07-16,2.1140988174316533
2008-07-21,2.569133466576723
2008-07-22,-0.09331948631512432
2008-07-23,-0.3782332033505753
2008-07-28,-3.0776216594267325
2008-07-29,-0.11868438282700566
2008-07-30,-0.2720023314340736
2008-08-04,-3.0941675882473874
2008-08-05,0.652219561057521
2008-08-06,-0.5620156602375914
2008-08-11,-4.584540473858034
2008-08-12,1.5978581616295173
2008-08-13,0.28777174703442654
2008-08-18,2.6658230494476243
2008-08-19,-0.13711905919020495
2008-08-20,0.45876858342133175
2008-08-25,5.340787552547788
2008-08-26,0.0780665574030337
2008-08-27,-1.1004845719568834
2008-09-01,-1.6400467253012252
2008-09-02,-1.7210676384380008
2008-09-03,-0.8131024660753994
2008-09-08,-2.967045701338833
2008-09-09,-2.3491289233902535
2008-09-10,1.4976550526284882
2008-09-15,-11.381374146528955
2008-09-16,0.3876541623577978
2008-09-17,2.6295472286472332
2008-09-22,0.8838862386824076
2008-09-24,-4.604466879616176
2008-10-06,-5.539608445222655
2008-10-07,-6.720880585861977
2008-10-08,-0.7530162771809401
2008-10-13,3.595127409755783
2008-10-14,6.853621447319824
2008-10-15,-0.12451911317015174
2008-10-20,-8.051876902458055
2008-10-21,1.3850219138562991
2008-10-22,-3.6730544283264166
2008-10-27,-13.992615140450049
2008-10-28,6.4270981223891965
2008-10-29,-1.586647616572634
2008-11-03,6.254070529970512
2008-11-04,2.1349635642884834
2008-11-05,0.2935830088571123
2008-11-10,-5.512047269203535
2008-11-11,-4.954026279725099
2008-11-12,0.8958163487307047
2008-11-17,-5.739081249102895
2008-11-18,-3.4981635688733803
2008-11-19,-1.3532391450301162
2008-11-24,-7.195268150932144
2008-11-25,-0.17648876646365608
2008-11-26,-1.2302470996246484
2008-12-01,8.253186954134506
2008-12-02,-5.030030146579989
2008-12-03,1.6336730088889695
2008-12-15,3.890005406515229
2008-12-16,-0.3593783796393524
2008-12-17,1.1757395074694088
2008-12-22,-3.3592107126679593
2008-12-23,0.13793482550781277
2008-12-24,-1.5228865758155408
2008-12-29,1.0359495858226708
2008-12-30,1.6603835486623808
2008-12-31,0.09514367871705787
2009-01-05,7.5008055737969315
2009-01-06,1.454080577645378
2009-01-07,0.2658323961775011
2009-01-12,-3.3868463338484034
2009-01-13,-1.2016914453640837
2009-01-14,-2.7079573703700177
2009-01-19,-5.534544457670698
2009-01-20,-1.88922218076506
2009-01-21,0.6228994069385152
2009-01-26,4.702893024716737
2009-01-27,0.1438644100121067
2009-01-28,-0.29609374462644666
2009-02-02,-1.2670640667026944
2009-02-03,1.3415443575794939
2009-02-04,0.016499230709676738
2009-02-09,2.8485782906887636
2009-02-10,-0.9181691639346568
2009-02-11,-1.1198530359649794
2009-02-16,1.0408333264422254
2009-02-17,-4.341943922265834
2009-02-18,2.126337327037753
2009-02-23,-0.5256341184651347
2009-02-24,-4.718332775673062
2009-02-25,0.6237306697769895
2009-03-02,-4.655800372206365
2009-03-03,0.10265718244841793
2009-03-04,0.8219337546359284
2009-03-09,-5.170087591474903
2009-03-10,0.7319694818187727
2009-03-11,-0.23072040203082622
2009-03-16,5.575452361095223
2009-03-17,-1.02146658019322
2009-03-18,1.3132866629540274
2009-03-23,2.7399716974052524
2009-03-24,0.9478869721768035
2009-03-25,1.0977858942577967
2009-03-30,-0.379945094054257
2009-03-31,1.5005424170801973
2009-04-01,0.15621788406274817
2009-04-06,7.393898066872495
2009-04-07,-1.2182100125807338
2009-04-08,-0.3934371107588319
2009-04-13,5.193726033917123
2009-04-14,2.0934878236344545
2009-04-15,-1.5610699284779983
2009-04-20,-2.983284641524442
2009-04-21,-2.9236002713714626
2009-04-22,3.456777987656068
2009-04-27,3.6667985167541772
2009-04-28,0.5779587198556868
2009-04-29,2.591377348767132
2009-05-04,1.7089311719592715
2009-05-05,0.835360709270816
2009-05-06,-0.1231338446689989
2009-05-11,2.4349264754066624
2009-05-12,0.9484755482956686
2009-05-13,0.2934040234105595
2009-05-18,-1.1527084964525258
2009-05-19,1.4376689758094585
2009-05-20,-0.26952173655629963
2009-05-25,-2.3272211054356617
2009-05-26,-2.269499890536686
2009-05-27,0.5681297577474709
2009-06-01,3.667153575105253
2009-06-02,0.18259465619649973
2009-06-03,0.16971333279016676
2009-06-08,-2.923418637434061
2009-06-09,0.2797717580694581
2009-06-10,1.0582460160904361
2009-06-15,1.741598615757134
2009-06-16,0.03937235905819847
2009-06-17,-1.2604803563641909
2009-06-22,-4.737624937444451
2009-06-23,-1.8863678622526692
2009-06-24,0.8363587247762538
2009-06-29,-0.9658051918892241
2009-06-30,0.8681616885549914
2009-07-01,0.01173610278843995
2009-07-06,-3.507483582487936
2009-07-07,1.2058440624450384
2009-07-08,-0.8193060599637647
2009-07-13,0.7062615640222702
2009-07-14,2.295906774138423
2009-07-15,0.7825147219007178
2009-07-20,1.3758881407607504
2009-07-21,0.3809017254910785
2009-07-22,-1.4621070598467512
2009-07-27,3.020040212427233
2009-07-28,-1.2590197932304648
2009-07-29,0.010105052248299273
2009-08-03,0.6996348267378494
2009-08-04,-0.7299159335811822
2009-08-05,-0.12414796356061686
2009-08-10,2.0326343958632975
2009-08-11,-0.4566497155902738
2009-08-12,-0.431914445711179
2009-08-17,-2.296412966180661
2009-08-18,1.033137331658196
2009-08-19,-2.415456045052089
2009-08-24,3.1110778758401736
2009-08-25,-0.2653081171880345
2009-08-26,-0.4375481395992864
2009-08-31,-1.7659831521847025
2009-09-01,-0.33169883897627983
2009-09-02,-0.21480218783374028
2009-09-07,1.3567666773655063
2009-09-08,1.0092631931581053
2009-09-09,-0.8493592672111916
2009-09-14,1.900362474846773
2009-09-15,0.46741154852885103
2009-09-16,1.4456815031147485
2009-09-28,4.43651022705005
2009-09-29,0.42035399822779596
2009-09-30,0.49094183282161197
2009-10-05,-0.7368087516933741
2009-10-06,0.9410868346634516
2009-10-07,-0.47791008719677563
2009-10-12,1.358452887030559
2009-10-13,-0.8769021063342208
2009-10-14,1.5690744681219115
2009-10-19,1.195053162665971
2009-10-20,-0.04358659283898447
2009-10-21,-0.4416801754736355
2009-10-26,0.746261944841109
2009-10-27,-0.523482672543274
2009-10-28,-1.386869464845475
2009-11-02,-0.9680848330587466
2009-11-03,-1.2817036440466723
2009-11-04,1.0926811141647619
2009-11-09,-1.103467946127168
2009-11-10,-0.5192183361238278
2009-11-11,0.30928932810923015
2009-11-16,0.975531796165896
2009-11-17,0.19045326463249523
2009-11-18,-0.2681893693658566
2009-11-23,-0.4311727557121614
2009-11-24,0.23382091188697274
2009-11-25,0.8132513523621654
2009-12-07,-1.8059640639151553
2009-12-08,-2.2101143460233175
2009-12-09,-2.2419148149554147
2009-12-14,3.578081070794248
2009-12-15,-0.9385654990595071
2009-12-16,0.7218111299073016
2009-12-21,1.526320896426725
2009-12-22,-0.5164629848085411
2009-12-23,0.22460271779962682
2009-12-28,-1.0898876704361626
2009-12-29,-0.8316669098064722
2009-12-30,0.09368134826903685
2010-01-04,1.32247235208105
2010-01-05,0.49936385447892917
2010-01-06,0.2704435097008684
2010-01-11,0.4341447492388184
2010-01-12,-0.4557359671709449
2010-01-13,-0.03908858791170644
2010-01-18,2.314780040249076
2010-01-19,-0.817722130253351
2010-01-20,0.2057003542637048
2010-01-25,-1.0631557269588754
2010-01-26,-0.8700465184015016
2010-01-27,0.04185073470139855
2010-02-01,-0.12567508663696714
2010-02-02,0.23437063372888645
2010-02-03,0.386805402909296
2010-02-08,-0.9912592064429404
2010-02-09,-0.2781078347283028
2010-02-10,0.44325709089747534
2010-02-15,1.6798439564141177
2010-02-16,0.6395248538707321
2010-02-17,0.34936575319601815
2010-02-22,1.1066113542845812
2010-02-23,-0.35301079374114863
2010-02-24,-0.10936436843458353
2010-03-01,-0.6410328771163876
2010-03-02,0.3691017933039831
2010-03-03,0.5109413225227399
2010-03-08,1.1090827583753793
2010-03-09,-0.4744514345931705
2010-03-10,0.5455350639513412
2010-03-15,0.1379941965955922
2010-03-16,0.5079542968287498
2010-03-17,0.8621910563279656
2010-03-22,0.18120354292854302
2010-03-23,0.6393074147448274
2010-03-24,0.19772209484720804
2010-03-29,0.15003676913050157
2010-03-30,0.632280051214984
2010-03-31,-0.2690451195404009
2010-04-05,0.06088114919720056
2010-04-06,-0.6835773513865107
2010-04-07,0.28050002170534327
2010-04-12,1.5775433829457342
2010-04-13,-0.12281218040346431
2010-04-14,0.0617126018324754
2010-04-19,-0.5785553228594864
2010-04-20,-1.9935162299089981
2010-04-21,0.40535758698112545
2010-04-26,2.9453511754676143
2010-04-27,-0.4810146391209358
2010-04-28,-0.6866524676931718
2010-05-03,0.3833841081027245
2010-05-04,-0.10124339963333284
2010-05-05,-0.9959983539065576
2010-05-10,-0.7622905360163301
2010-05-11,-0.9657257508907335
2010-05-12,0.1366694650849709
2010-05-17,-2.971740665676492
2010-05-18,1.215282320091049
2010-05-19,-2.4201857424884565
2010-05-24,-3.367717560230865
2010-05-25,-6.646934421679518
2010-05-26,2.4163520907999114
2010-05-31,4.347214887730466
2010-06-01,-2.899615858681237
2010-06-02,0.703449047867899
2010-06-07,-0.23918025388187658
2010-06-08,0.20670983206763083
2010-06-09,1.8196253114556526
2010-06-14,3.5243899657960043
2010-06-15,-0.5982135403703737
2010-06-16,0.27944757383533414
2010-06-21,1.5777529262377854
2010-06-22,-1.5085350331045078
2010-06-23,-0.24773127767190317
2010-06-28,-0.6038845530261128
2010-06-29,-2.6181369515146713
2010-06-30,-0.4544709944681813
2010-07-05,-0.9278590638418294
2010-07-06,1.685952129535373
2010-07-07,-1.2358389581626383
2010-07-12,2.6763973457637036
2010-07-13,-0.19748505313863518
2010-07-14,-0.7325366186663018
2010-07-19,-0.6678698588039822
2010-07-20,-0.960765963685617
2010-07-21,0.4505703134046968
2010-07-26,2.0656997741127725
2010-07-27,0.7530346910451513
2010-07-28,-0.2538208538364728
2010-08-02,1.0167837977382632
2010-08-03,-0.5858947632219724
2010-08-04,-0.00172377064018292
2010-08-09,0.276051964055668
2010-08-10,-0.8761577919393915
2010-08-11,-1.1599008985269776
2010-08-16,-0.3701495495242568
2010-08-17,0.1296900940193524
2010-08-18,-0.6503267836819759
2010-08-23,-0.17835563318957526
2010-08-24,-1.4268320083903774
2010-08-25,-0.15716414319069116
2010-08-30,1.2236174930151833
2010-08-31,0.48837880602814465
2010-09-01,0.7866673496884857
2010-09-06,2.2731505253990036
2010-09-14,0.8419838735264307
2010-09-15,-0.4539437251361633
2010-09-20,0.9942429971811606
2010-09-21,0.1614925496644659
2010-09-22,-0.046580577972576975
2010-09-27,0.24219764105062325
2010-09-28,-0.7657746014707811
2010-09-29,-0.1291468867870904
2010-10-04,0.07553130696660304
2010-10-05,0.016142258098916784
2010-10-06,0.3295715664350496
2010-10-11,-0.8090730087221942
2010-10-12,-0.3235454599925802
2010-10-13,-0.6099933233569388
2010-10-18,-0.21095612868347047
2010-10-19,-0.3066089446127407
2010-10-20,-0.4987789347914884
2010-10-25,1.6403040430367
2010-10-26,-0.07107173285749724
2010-10-27,-0.39933469609820804
2010-11-01,0.8707154160688901
2010-11-02,0.07045813831911829
2010-11-03,-0.48234775877595837
2010-11-08,1.3910516387133143
2010-11-09,0.2251493190186693
2010-11-10,-0.19541013835144838
2010-11-22,-1.2620899852066714
2010-11-23,-0.9708930349432876
2010-11-24,0.04605732213178726
2010-11-29,0.6862708936107964
2010-11-30,-0.2655395250441117
2010-12-01,0.42042279151104367
2010-12-06,0.8428432853149204
2010-12-07,0.47577408116801223
2010-12-08,0.2484829730438065
2010-12-13,0.7513536762090212
2010-12-14,0.13643010099944064
2010-12-15,-0.4099636844522081
2010-12-20,1.4874655999674857
2010-12-21,0.037642729989606494
2010-12-22,0.01503294595845972
2010-12-27,-0.440810385017798
2010-12-28,0.5600616965276473
2010-12-29,0.020514836290530525
2011-01-03,0.8241227039894383
2011-01-04,0.27349804877569994
2011-01-05,-0.10158050721091882
2011-01-10,-0.4367831863772764
2011-01-11,0.5257038445680706
2011-01-12,0.20303098895162464
2011-01-17,0.726907965295176
2011-01-18,-0.8519712598184626
2011-01-19,-0.8238904901707755
2011-01-24,1.0529168532281474
2011-01-25,-0.043420253739512304
2011-01-26,-0.40703091850229356
2011-01-31,-5.181413876952057
2011-02-01,0.6672211070743117
2011-02-02,2.271422225383901
2011-02-07,1.418593412757474
2011-02-08,-0.38736491757660474
2011-02-09,0.11177785254243844
2011-02-14,0.16843451298136358
2011-02-15,-0.29763697580786896
2011-02-16,-1.8069356834450545
2011-02-21,-2.7900509077994684
2011-02-22,-0.06767836256340587
2011-02-23,-0.10787840401693671
2011-02-28,-5.236341299819891
2011-03-01,-6.581309353120091
2011-03-02,-3.2759217147365405
2011-03-07,11.65437374587519
2011-03-08,1.2772685460010536
2011-03-09,0.1927965616163263
2011-03-14,1.8252688469143408
2011-03-15,-3.78048151040673
2011-03-16,1.1950855790722414
2011-03-21,4.610618015331802
2011-03-22,-0.582862410326257
2011-03-23,0.18838306894117807
2011-03-28,2.2172789405736637
2011-03-29,-0.033447996877278285
2011-03-30,0.5981831957434736
2011-04-04,0.5786462356313749
2011-04-05,-0.950001851110116
2011-04-06,0.4481863501224481
2011-04-11,0.5418114726467138
2011-04-12,-0.3726557048914003
2011-04-13,0.21444700943611394
2011-04-18,-1.093898630529111
2011-04-19,-0.044828131657936865
2011-04-20,0.7881963410234505
2011-04-25,1.604952556993311
2011-04-26,-0.12814864342107768
2011-04-27,0.5206930561714174
2011-05-02,-0.1307025535957962
2011-05-03,-0.3911195776792553
2011-05-04,-0.146696195056073
2011-05-09,-0.12062470174889484
2011-05-10,0.6083167892086294
2011-05-11,0.09412683496332619
2011-05-16,-1.3487326579467052
2011-05-17,0.36008191028855663
2011-05-18,0.525890245638827
2011-05-23,0.20488182104152486
2011-05-24,0.0847780697268874
2011-05-25,0.1718422358374383
2011-05-30,0.11544216061203372
2011-05-31,0.025499132805428815
2011-06-01,0.07612475204314961
2011-06-06,-1.2685106266332014
2011-06-07,-0.5580301526444842
2011-06-08,-1.0386857368834157
2011-06-13,0.7802928965681133
2011-06-14,-0.2701807569350123
2011-06-15,-0.33126067593158837
2011-06-20,-2.5761863077434555
2011-06-21,1.5379939618600957
2011-06-22,-0.24932996690534281
2011-06-27,0.8920562529015186
2011-06-28,0.2934897486959187
2011-06-29,0.6320502404298267
2011-07-04,0.683748941112583
2011-07-05,-0.06670155179264725
2011-07-06,-0.24472964474799852
2011-07-11,-0.6787033595768932
2011-07-12,-1.121228531068752
2011-07-13,0.3956177087285795
2011-07-18,-1.3172916386370304
2011-07-19,0.37739604660451675
2011-07-20,0.7614033657752373
2011-07-25,-0.3312785719327138
2011-07-26,0.07374054227362592
2011-07-27,-0.49286213097605724
2011-08-01,0.448757468998906
2011-08-02,-0.4692575722717862
2011-08-03,-0.2723620204793775
2011-08-08,-5.837303414755368
2011-08-09,-0.32931857665090547
2011-08-10,0.7065802292716583
2011-08-15,1.6009159565356867
2011-08-16,-1.4798833737980743
2011-08-17,0.6420081449070025
2011-08-22,-2.89274012363947
2011-08-23,0.29878403402463505
2011-08-24,1.038109387196151
2011-09-05,1.7761284937286348
2011-09-06,-0.6478642727358874
2011-09-07,1.0222576130187733
2011-09-12,-1.5216748076774422
2011-09-13,0.6140157065008367
2011-09-14,0.023405988004476797
2011-09-19,0.7576402831118045
2011-09-20,0.3556871379590376
2011-09-21,-0.08736662054626976
2011-09-26,-0.6425070138270428
2011-09-27,0.44933337145280916
2011-09-28,-0.28514059165214434
2011-10-03,-1.4361772952764085
2011-10-04,-0.8683326156750937
2011-10-05,0.7295533064073823
2011-10-10,2.200993482623659
2011-10-11,-0.4881713591922576
2011-10-12,-0.25132307052295744
2011-10-17,0.44576202998491965
2011-10-18,0.2717183558893055
2011-10-19,-0.7526562699846195
2011-10-24,0.46355014085630586
2011-10-25,0.3503520885162814
2011-10-26,-0.16261994038977434
2011-10-31,1.2387541925585666
2011-11-01,-1.221446547896754
2011-11-02,1.0402523143156372
2011-11-14,0.29414728081160746
2011-11-15,-0.21289118206464508
2011-11-16,-0.12769645922858786
2011-11-21,-1.0648719203370405
2011-11-22,-0.7359310163149502
2011-11-23,-0.18902093904511474
2011-11-28,0.5788284184234271
2011-11-29,-0.14353105028366286
2011-11-30,-0.12116058427249499
2011-12-05,2.012061839433521
2011-12-06,-0.34397463419839625
2011-12-07,0.5299893794189714
2011-12-12,0.2846974360270593
2011-12-13,-1.3568163275634149
2011-12-14,0.8548769190605654
2011-12-19,0.5537763377448712
2011-12-20,0.13624755827059687
2011-12-21,0.6270554664052241
2011-12-26,1.260390326080163
2011-12-27,-0.35189487737170566
2011-12-28,0.26283691660662356
2012-01-02,-0.3326046742666122
2012-01-03,0.25145027872444103
2012-01-04,-0.11068616379592555
2012-01-09,0.5265860212800177
2012-01-10,0.49737696263996156
2012-01-11,0.09336186364201637
2012-01-16,-1.0452265836072172
2012-01-17,-0.7204143564312204
2012-01-18,0.20576781814423128
2012-01-23,1.2971869411005699
2012-01-24,-0.010842065090876929
2012-01-25,0.12176717432215156
2012-01-30,1.254222408935668
2012-01-31,0.8849908303350418
2012-02-01,0.4494078017295067
2012-02-06,1.04667227232067
2012-02-07,-0.046316840668936266
2012-02-08,0.7518617767182434
2012-02-13,0.4289782699954614
2012-02-14,-0.2848933705328349
2012-02-15,-0.06763905119928637
2012-02-20,1.3507935219658762
2012-02-21,0.7883656974033926
2012-02-22,0.816624513009323
2012-02-27,2.192070370420396
2012-02-28,0.05066155420667684
2012-02-29,0.7139696254863992
2012-03-05,1.031275834340839
2012-03-06,0.5069629038910506
2012-03-07,-0.4226893647718555
2012-03-12,2.2122168788440533
2012-03-13,-0.42149633891845895
2012-03-14,0.5828613590837861
2012-03-19,0.5720683187648845
2012-03-20,-1.3563839478360151
2012-03-21,0.37094623893096923
2012-03-26,3.164399895058345
2012-03-27,-0.4599849291194502
2012-03-28,0.14253750005650545
2012-04-02,1.5655389539903197
2012-04-03,0.14004264549818402
2012-04-04,-0.5085392595807647
2012-04-09,-2.5182277004788034
2012-04-10,-1.7028646557553984
2012-04-11,0.4947050965697031
2012-04-16,-3.9451678410751256
2012-04-17,3.49407065190519
2012-04-18,-0.14002952226732646
2012-04-23,0.10027604987623562
2012-04-24,-0.1994955439050372
2012-04-25,0.39312134709987845
2012-04-30,0.19266369183004173
2012-05-01,-0.2035124259874621
2012-05-02,0.012944539728465543
2012-05-07,-2.511066717388033
2012-05-08,0.3729455919444291
2012-05-09,-2.0147536729297144
2012-05-14,-1.971905884732017
2012-05-15,0.7335138007434239
2012-05-16,-0.043575609954160655
2012-05-21,-0.99056783535314
2012-05-22,1.1315172794024164
2012-05-23,-0.6590655618872177
2012-05-28,-0.03835683245192456
2012-05-29,-0.32285677803880475
2012-05-30,-0.797027608744294
2012-06-04,-2.9106976819329944
2012-06-05,-0.23241842331849227
2012-06-06,-1.0175165034796763
2012-06-11,2.048904346345992
2012-06-12,-1.0597597533880787
2012-06-13,0.28777989936461523
2012-06-18,0.918483373237855
2012-06-19,0.06263198310190177
2012-06-20,0.26901182330352214
2012-06-25,-2.324754513216476
2012-06-26,0.3766384787802224
2012-06-27,-1.6447289396051445
2012-07-02,2.4902238876542526
2012-07-03,1.9484030917077177
2012-07-04,-0.9514402864333249
2012-07-09,-1.1453628986579645
2012-07-10,-0.5591353801534638
2012-07-11,-0.7252504174088514
2012-07-16,-0.19027272922915728
2012-07-17,-0.7495806077402634
2012-07-18,0.6719749591033164
2012-07-23,0.1637546751091179
2012-07-24,0.40885725727424216
2012-07-25,-0.09246999029617342
2012-07-30,2.3039612266703813
2012-07-31,0.6146420275142006
2012-08-01,0.08901648574770604
2012-08-06,0.6855816482985944
2012-08-07,0.17850436691766447
2012-08-08,-0.15475090961043492
2012-08-13,0.16888412389857166
2012-08-14,0.02093537668130807
2012-08-15,0.49835668447713033
2012-08-27,1.8504330043343842
2012-08-28,-0.16952479438323564
2012-08-29,-0.03120894970578547
2012-09-03,-0.8670589434004228
2012-09-04,-0.33588259084371686
2012-09-05,0.03637766296407108
2012-09-10,0.33946961761319727
2012-09-11,0.17562548841763004
2012-09-12,0.22453236477062433
2012-09-17,0.6013934852601821
2012-09-18,-0.6769526027763817
2012-09-19,-0.6533216044203982
2012-09-24,-1.3120271337655254
2012-09-25,0.3718161431651268
2012-09-26,-1.414831133626926
2012-10-01,0.16779447542845105
2012-10-02,0.22969066560758478
2012-10-03,-0.13874394906441267
2012-10-08,-1.1625053412343433
2012-10-09,-0.1564495543808775
2012-10-10,0.14483560324674016
2012-10-15,-1.0889522944387053
2012-10-16,0.470779759300477
2012-10-17,0.9084686610806969
2012-10-22,-1.1025844436877819
2012-10-23,-0.12314684928789177
2012-10-24,0.9403289850888896
2012-11-05,0.69662323022186
2012-11-06,1.0221317349142112
2012-11-07,0.2145219708905799
2012-11-12,-1.6929348491146357
2012-11-13,0.0952940626090637
2012-11-14,-0.1336027060435896
2012-11-19,-2.2116564826768936
2012-11-20,0.1194777504146316
2012-11-21,-0.7340381340023683
2012-11-26,-0.8726371962117341
2012-11-27,-1.2055491258328388
2012-11-28,1.2188640858552091
2012-12-03,2.950913929570831
2012-12-04,-0.49954037704562637
2012-12-05,0.1351951392814854
2012-12-10,0.15712190808727655
2012-12-11,0.2878809790740178
2012-12-12,0.06667072617680958
2012-12-17,1.4617497021150783
2012-12-18,-0.3133613371780086
2012-12-19,0.41973532066119645
2012-12-24,-0.15142067875153487
2012-12-25,-0.2451377025513679
2012-12-26,0.046515735881946796
2012-12-31,-0.9579379667517429
2013-01-01,0.9371828276879768
2013-01-02,1.1128894779592002
2013-01-07,0.958462225530532
2013-01-08,0.4265686584357553
2013-01-09,0.956617362229828
2013-01-14,-0.6548448868866075
2013-01-15,-0.9694163132330402
2013-01-16,0.33545829276615535
2013-01-21,-0.7348877533114972
2013-01-22,0.38426857458411234
2013-01-23,-0.14467280623815526
2013-01-28,0.3372227661909477
2013-01-29,0.061511305282380135
2013-01-30,0.20730836616156267
2013-02-04,-0.281903556579266
2013-02-05,-0.45713385031600495
2013-02-06,-0.09765876184086864
2013-02-11,0.7038258054576474
2013-02-12,0.32314279215750474
2013-02-13,0.035512535139936574
2013-02-18,-0.11253310652055148
2013-02-19,-0.4373721477929138
2013-02-20,0.16192010247522148
2013-02-25,0.10627044798070528
2013-02-26,-0.7844194532221849
2013-02-27,0.20315870440299477
2013-03-04,-0.5966407301869481
2013-03-05,4.413092593580359e-05
2013-03-06,0.6792519742084835
2013-03-11,0.3959631515556339
2013-03-12,-0.6870218185055066
2013-03-13,0.591159774043426
2013-03-18,0.41823552610900094
2013-03-19,0.21414606015515147
2013-03-20,0.2377111181495195
2013-03-25,0.9114157770017783
2013-03-26,0.10695933812066016
2013-03-27,-0.03152028709507704
2013-04-01,-0.2898640013034637
2013-04-02,0.2223444532617691
2013-04-03,0.0632502374710242
2013-04-08,-0.25700595735660414
2013-04-09,0.43019875263219376
2013-04-10,0.6271476734145409
2013-04-15,-1.3463541056653483
2013-04-16,-0.5973832818712665
2013-04-17,-0.44468223235494264
2013-04-22,0.9681378592897971
2013-04-23,-0.05712342501329459
2013-04-24,0.028125025918690483
2013-04-29,0.5387740872153657
2013-04-30,0.1300839923752406
2013-05-01,-0.09174619193235145
2013-05-06,0.1868404663953882
2013-05-07,-0.11122851834421965
2013-05-08,0.3313699773793033
2013-05-13,-0.6900887073369333
2013-05-14,-0.22767699621777382
2013-05-15,0.14631888354834643
2013-05-20,2.2110429819150568
2013-05-21,0.4708481855500324
2013-05-22,0.0016663811466699485
2013-05-27,-0.5321451416277156
2013-05-28,0.7222632562685405
2013-05-29,0.3026642555997938
2013-06-03,2.002489973200916
2013-06-04,0.07548103923138427
2013-06-05,0.4112360098305956
2013-06-10,0.23282614644699606
2013-06-11,-0.73193761628918
2013-06-12,0.5769321423111151
2013-06-17,-2.161454093621984
2013-06-18,1.0020493931234498
2013-06-19,-0.025911495657560124
2013-06-24,-0.3490129885161508
2013-06-25,0.24563446241288034
2013-06-26,-0.1861381533235118
2013-07-01,0.8453763395571912
2013-07-02,0.6356575306851298
2013-07-03,-0.5315705895615253
2013-07-04,1.0926007700941653
2013-07-08,0.2613872740766965
2013-07-09,0.11872194362450017
2013-07-10,-0.06303873981803321
2013-07-11,-0.2104653013484281
2013-07-15,0.1250760292277775
2013-07-16,0.04756986524867557
2013-07-17,-0.060154262009604054
2013-07-18,-0.41857840281789294
2013-07-22,1.8286902087547574
2013-07-23,-0.20468195850096293
2013-07-24,-0.3737280174430424
2013-07-25,-0.035814099284081635
2013-07-29,0.30940579068037266
2013-07-30,0.8677865230941606
2013-07-31,0.5688359441409219
2013-08-01,-0.13321600330122862
2013-08-05,2.0044511238612728
2013-08-13,0.35289286764861316
2013-08-14,-0.45269526317035513
2013-08-15,0.5656910380254843
2013-08-19,0.8351607216789958
2013-08-20,-0.3709344913072954
2013-08-21,0.4240716833407987
2013-08-22,-0.31087782156120625
2013-08-26,-1.6851997941669694
2013-08-27,-4.0692058331131875
2013-08-28,0.7494856174902864
2013-08-29,0.2682668321710935
2013-09-02,2.135069140926227
2013-09-03,-1.4713387057003757
2013-09-04,-2.122990914758205
2013-09-05,-0.1834790713933998
2013-09-09,0.19693079480678222
2013-09-10,2.867133943344591
2013-09-11,-0.3506362448991496
2013-09-12,0.43312188192796697
2013-09-16,2.159740181423686
2013-09-17,-0.6949630729854661
2013-09-18,-0.4194735041521014
2013-09-19,0.35770293650703167
2013-09-24,-0.2866923470671523
2013-09-25,-0.0021736670149152815
2013-09-26,-0.26018142230839203
2013-09-30,-0.1819592856611152
2013-10-01,0.5667767794591327
2013-10-02,0.0324044893288189
2013-10-03,0.023343022628097287
2013-10-07,-0.5226227658297944
2013-10-08,-0.15528869699021897
2013-10-09,0.22244778705360346
2013-10-10,0.06006741638415747
2013-10-21,1.9836602608604537
2013-10-22,-0.1805654801781742
2013-10-23,0.04688075505825395
2013-10-24,0.22885520172550855
2013-10-28,-1.4027609141146868
2013-10-29,-0.9780528982869185
2013-10-30,0.5263381189115179
2013-10-31,0.48189895775188063
2013-11-04,0.3236792866898597
2013-11-05,1.1481100430602353
2013-11-06,0.10608371919609283
2013-11-07,0.8538694316154505
2013-11-11,0.01196470271551675
2013-11-12,0.6684679048142073
2013-11-13,-0.4496341539466542
2013-11-14,0.2437181997246185
2013-11-18,1.0670274023921067
2013-11-19,-0.6710329865194709
2013-11-20,-0.2476220894646275
2013-11-21,0.03079654799300613
2013-11-25,0.11158049091406497
2013-11-26,-0.5886215698062358
2013-11-27,0.06940172651326293
2013-11-28,0.3042280689522059
2013-12-02,0.08472058524340298
2013-12-03,-1.2863713250483855
2013-12-04,0.12062887410984047
2013-12-05,0.17609477264013407
2013-12-09,1.387172024686123
2013-12-10,0.35786203994607746
2013-12-11,-0.06966379402921774
2013-12-12,-0.16539151266545815
2013-12-16,-0.0262212237487347
2013-12-17,0.3261614897022369
2013-12-18,0.30712849739824577
2013-12-19,0.7793259002596642
2013-12-23,0.5328072144042295
2013-12-24,-0.5407152514003144
2013-12-25,-0.4576688637399684
2013-12-26,0.03563183992429941
2013-12-30,0.46797741107234003
2013-12-31,0.14644078086796242
2014-01-01,0.7871645084534862
2014-01-02,0.07306541282829926
2014-01-06,-0.10774541400273563
2014-01-07,-0.04029562475835746
2014-01-08,0.5061598200981621
2014-01-09,0.24970373475579066
2014-01-13,0.35362543035297733
2014-01-14,-0.22170919975241787
2014-01-15,0.5613466635960407
2014-01-16,0.13306757987461282
2014-01-20,-0.4099612491875959
2014-01-21,0.09808810663614054
2014-01-22,0.30272622159959184
2014-01-23,0.09638003096945624
2014-01-27,-1.3617787019631677
2014-01-28,0.11513318085256685
2014-01-29,0.5795111400534125
2014-01-30,0.606069673767351
2014-02-03,0.46177863057579316
2014-02-04,-0.4952611550836039
2014-02-05,0.2885337303050406
2014-02-06,0.28163051206782086
2014-02-10,0.5860529458599828
2014-02-11,-0.22708794574715085
2014-02-12,0.595894008570852
2014-02-13,0.13877480963255806
2014-02-17,0.08350712243014868
2014-02-18,0.1699964519861652
2014-02-19,0.09744963806621598
2014-02-20,0.21897159375452446
2014-02-24,0.7300901957417949
2014-02-25,-0.016903580056215617
2014-02-26,-0.06283955574541977
2014-02-27,0.5229486038096809
2014-03-03,-1.0015350195528683
2014-03-04,1.4807038281189122
2014-03-05,0.03780376308579747
2014-03-06,0.9101138449128854
2014-03-10,0.9312242164613238
2014-03-11,0.0054339643515533
2014-03-12,-0.0780281920231829
2014-03-13,0.3632225673001699
2014-03-17,-0.22739146204155958
2014-03-18,-0.38428099420162454
2014-03-19,-0.10888420480146266
2014-03-20,-0.12123919712312414
2014-03-24,1.3338306199683458
2014-03-25,-0.058347256359425614
2014-03-26,0.13810278017345468
2014-03-27,-0.30966168658128623
2014-03-31,0.5503957531646009
2014-04-01,0.40578403833944066
2014-04-02,0.17781849520179804
2014-04-03,0.18221213899725086
2014-04-07,-0.5623486841679792
2014-04-08,0.6389751237101393
2014-04-09,-0.2737624174951492
2014-04-10,-0.35685282007715813
2014-04-14,-0.6340815983953974
2014-04-15,0.6866969231243303
2014-04-16,-0.043530322479057304
2014-04-17,0.2647610157772817
2014-04-21,0.8833495750652176
2014-04-22,-0.19972521019990808
2014-04-23,-0.6449205805102665
2014-04-24,0.1540257384966992
2014-04-28,0.19948844270221144
2014-04-29,-0.14907157146577532
2014-04-30,0.23709042684512127
2014-05-01,0.7589576865944636
2014-05-05,0.7613931325579415
2014-05-06,-0.05512286249427234
2014-05-07,-0.018925526336843745
2014-05-08,0.4189879891189463
2014-05-12,-0.1538907116456656
2014-05-13,0.4085270685614262
2014-05-14,0.0015046612837466
2014-05-15,-0.1423020832243438
2014-05-19,-0.8413583904911093
2014-05-20,0.13748640278379298
2014-05-21,0.3639334397727012
2014-05-22,-0.18018940353794477
2014-05-26,0.7249820763611581
2014-05-27,0.028483145211666283
2014-05-28,-0.34868664322900145
2014-05-29,0.2720086871233818
2014-06-02,0.40104606967368284
2014-06-03,-0.302043186851364
2014-06-04,0.18775067979515114
2014-06-05,0.025436133879175316
2014-06-09,0.3122889538570206
2014-06-10,0.10668558143294149
2014-06-11,-0.3650307261533925
2014-06-12,-0.4365086340873958
2014-06-16,-3.0959731361448917
2014-06-17,0.8028362458528449
2014-06-18,0.6991343622200219
2014-06-19,0.04652813546499601
2014-06-23,-1.0094276849727635
2014-06-24,-0.2573544315422893
2014-06-25,0.6620047742558199
2014-06-26,-0.16015703360032774
2014-06-30,-0.5946314487514925
2014-07-01,0.7923598056216008
2014-07-02,0.9280525582580523
2014-07-03,0.002217202801801932
2014-07-07,1.007273241295259
2014-07-08,-0.19794618717021706
2014-07-09,0.05985850157976813
2014-07-10,0.1484100724113091
2014-07-14,0.029746037373357126
2014-07-15,-0.10984894469281414
2014-07-16,0.13067788692833204
2014-07-17,-0.258439285652301
2014-07-21,-0.3588996778049136
2014-07-22,2.8156700174314153
2014-07-23,1.143656694307893
2014-07-24,0.3372838097863706
2014-08-04,1.76250543523917
2014-08-05,0.25101818122923447
2014-08-06,0.18038671624314162
2014-08-07,0.6582079403989027
2014-08-11,0.34470554465677594
2014-08-12,-0.12778541103681818
2014-08-13,0.02869495109507625
2014-08-14,-0.05369388770244399
2014-08-18,0.5820628008669004
2014-08-19,0.039653347613821666
2014-08-20,0.5078411809426697
2014-08-21,0.12155736332193356
2014-08-25,0.9714068856196079
2014-08-26,0.7996590061814857
2014-08-27,0.7208278307112792
2014-08-28,0.013562567931657554
2014-09-01,0.637435276955145
2014-09-02,-0.6854759237734598
2014-09-03,0.14749707949732738
2014-09-04,0.06656752863278825
2014-09-08,0.6670164894563513
2014-09-09,-0.009298288602366256
2014-09-10,-0.2316183843431574
2014-09-11,-0.5573372685461209
2014-09-15,-1.1388385891688557
2014-09-16,0.6608973915417593
2014-09-17,0.7762393221462105
2014-09-18,-0.2386487247628466
2014-09-22,-1.7175096566891312
2014-09-24,-1.293558917049964
2014-09-25,0.566320721721425
2014-09-29,-0.06446726579927287
2014-09-30,0.906926448091383
2014-10-01,-0.12131872368907892
2014-10-02,-0.00079955641805185
2014-10-13,-4.469981866634498
2014-10-14,-1.594388247788281
2014-10-15,-2.473989836243362
2014-10-16,-3.364204390816994
2014-10-20,3.8229762168262127
2014-10-21,2.359394827198358
2014-10-22,0.42766326549976696
2014-10-23,-0.5295618212432629
2014-10-27,0.2814770706548231
2014-10-28,-0.3283749181120399
2014-10-29,-0.7913696894364719
2014-10-30,-0.3992837892365486
2014-11-03,1.1133460237660486
2014-11-04,-3.657416008637071
2014-11-05,-1.3339299663321924
2014-11-06,0.4153740505712378
2014-11-10,1.5173268364206294
2014-11-11,-0.36941637878840083
2014-11-12,-0.032475856761671196
2014-11-13,-0.8706589682589083
2014-11-17,-4.066217134859151
2014-11-18,1.2661957473632413
2014-11-19,0.11825652594339431
2014-11-20,0.26265503295164194
2014-11-24,-0.06775719705700567
2014-11-25,-1.8369531091771307
2014-11-26,-1.5218951204925446
2014-11-27,-0.10832734098329411
2014-12-01,-3.7027050561126984
2014-12-02,0.5784098104221869
2014-12-03,0.7406181893395924
2014-12-04,1.7180034423002866
2014-12-08,-2.0930743752614944
2014-12-09,-1.7292420816572118
2014-12-10,-2.3366268733219897
2014-12-11,0.04967832074775913
2014-12-15,-5.918128119544086
2014-12-16,-7.0361170950066665
2014-12-17,4.877339822480131
2014-12-18,8.416588300974048
2014-12-22,1.9494539600351857
2014-12-23,-0.42422204508074657
2014-12-24,1.6577908057582746
2014-12-25,0.38938571762905383
2014-12-29,1.1072728075220084
2014-12-30,-4.38010950053993
2014-12-31,-1.5124234312860807
2015-01-01,1.1427559468383919
2015-01-05,-3.6785882357058597
2015-01-06,-0.31709833475801474
2015-01-07,1.0670542162596774
2015-01-08,1.8027105510409314
2015-01-12,1.6519956047034157
2015-01-13,0.45470743646909284
2015-01-14,0.5988863840386216
2015-01-15,-1.184948278132758
2015-01-19,0.34896305352631884
2015-01-20,0.0004642932577070269
2015-01-21,-1.068757993063052
2015-01-22,0.4157519026977141
2015-01-26,0.6850521944020471
2015-01-27,2.341264503133189
2015-01-28,2.3586091029281775
2015-01-29,-0.6518534558031419
2015-02-02,3.654592968560344
2015-02-03,-0.16130952917414731
2015-02-04,-0.7332280544332548
2015-02-05,0.14101737111413826
2015-02-09,2.2580390522737304
2015-02-10,-1.1481479161103536
2015-02-11,-1.7846933144538113
2015-02-12,1.4988719991812616
2015-02-16,1.876106777830877
2015-02-17,-0.14676716464396833
2015-02-18,-0.4205279881658086
2015-02-19,-1.137608683903224
2015-02-23,-0.6150941862578918
2015-02-24,0.7280281910487574
2015-02-25,0.24972784579198049
2015-02-26,-0.10622710172540906
2015-03-02,0.8062806280044299
2015-03-03,0.9728195729364231
2015-03-04,-0.37097481020378353
2015-03-05,0.5640414495116985
2015-03-09,1.0565013189848926
2015-03-10,-0.2125403034343165
2015-03-11,0.4883874315332548
2015-03-12,0.25122176368039817
2015-03-16,-2.682597106862694
2015-03-17,-1.239096571835141
2015-03-18,-1.664657876495923
2015-03-19,0.6378915567930576
2015-03-23,1.5868696104037738
2015-03-24,-0.0021346470969518805
2015-03-25,-5.13619108867438
2015-03-26,0.7985123327381771
2015-03-30,0.6755646531372506
2015-03-31,-2.038881815278515
2015-04-01,0.5342763864467415
2015-04-02,-0.8859481062836849
2015-04-06,-1.2534412171744336
2015-04-07,2.2361313166076258
2015-04-08,0.4215960347522696
2015-04-09,1.0186384266033244
2015-04-13,0.8965248287921668
2015-04-14,-0.9464749030703601
2015-04-15,2.2197268610369747
2015-04-16,0.7715644154105306
2015-04-20,3.465511155473955
2015-04-21,-0.6476855033652029
2015-04-22,0.07386017191901573
2015-04-23,0.41009750616503027
2015-04-27,0.9505533986407855
2015-04-28,-0.0736371455124285
2015-04-29,0.9876642427425253
2015-04-30,0.13204439142189273
2015-05-04,-0.5295980053489302
2015-05-05,-0.34297237724043583
2015-05-06,0.34915801656634216
2015-05-07,-0.6719057243165238
2015-05-11,-1.3486121325264833
2015-05-12,0.5847088439217885
2015-05-13,0.45686494961323376
2015-05-14,0.57330994434448
2015-05-18,0.7184571257480954
2015-05-19,-0.04966168724873654
2015-05-20,-0.8440105980646706
2015-05-21,0.4347648598145071
2015-05-25,-0.4386604493967994
2015-05-26,0.7904693932085038
2015-05-27,-0.5478936836762927
2015-05-28,0.06138756912363874
2015-06-01,-0.651383529808669
2015-06-02,0.29021892751632805
2015-06-03,-0.39832574982341384
2015-06-04,-0.08180121514822503
2015-06-08,-1.3976634118710862
2015-06-09,-0.3198045528582938
2015-06-10,0.598985746568026
2015-06-11,-0.2704035513303893
2015-06-15,0.4648083142852144
2015-06-16,-0.21572630406403448
2015-06-17,-0.010079532782114597
2015-06-18,-0.3936110438642615
2015-06-22,-2.423969090735234
2015-06-23,0.25487540013635623
2015-06-24,0.40942495421383285
2015-06-25,0.563832461481617
2015-06-29,-3.389820966497581
2015-06-30,0.5524812008209423
2015-07-01,0.23530403481331064
2015-07-02,0.34648471656382185
2015-07-06,-0.08631440335626905
2015-07-07,-0.5509974922283334
2015-07-08,-0.22179518201443926
2015-07-09,2.472478767141695
2015-07-13,-0.3213639484100028
2015-07-14,0.014481175901615018
2015-07-15,0.654736995006111
2015-07-22,0.39934161380710265
2015-07-23,-0.14443110324702246
2015-07-27,-3.1828791397092715
2015-07-28,0.37325160401060486
2015-07-29,0.2402537577506081
2015-07-30,-0.10070329982756476
2015-08-03,-3.0925648621506596
2015-08-04,-0.32932383060444437
2015-08-05,0.3576694518381274
2015-08-06,-1.5505622265347796
2015-08-10,2.1887785914923796
2015-08-11,-1.0069600982157922
2015-08-12,-0.5373007590279144
2015-08-13,-0.22889979805373883
2015-08-17,-2.8434276877765896
2015-08-18,-2.6458160672577336
2015-08-19,-2.241546218059476
2015-08-20,0.557274939515473
2015-08-24,-13.107164991740206
2015-08-25,8.207177515136266
2015-08-26,-2.408689777359463
2015-08-27,3.0274139328295036
2015-08-31,-1.297359304807344
2015-09-01,-1.0960677152722198
2015-09-02,-0.8600787212243333
2015-09-03,0.3241943254408852
2015-09-07,1.3489657251945175
2015-09-08,1.151134140949317
2015-09-09,2.0913105950381095
2015-09-10,-0.61461155278284
2015-09-14,-2.2377626818288476
2015-09-15,0.14245519795004213
2015-09-16,-0.2508017000074858
2015-09-17,-0.6997525015419725
2015-09-21,-0.3005676989802808
2015-09-29,-1.3806502548119326
2015-09-30,1.0356121299729182
2015-10-01,-0.8843257514952185
2015-10-05,1.6714690564903378
2015-10-06,-0.10506108960246507
2015-10-07,1.8259715413865507
2015-10-08,0.9173881610522017
2015-10-12,1.5612583979290662
2015-10-13,-0.6895434610607154
2015-10-14,0.09122823644780453
2015-10-15,-1.1201022120697957
2015-10-19,0.9451816663315071
2015-10-20,-1.0249233013439607
2015-10-21,-2.7143292229940386
2015-10-22,-1.0550709505912081
2015-10-26,-0.6923909860296007
2015-10-27,-2.958407002093999
2015-10-28,0.5735892269223442
2015-10-29,0.14101925033092044
2015-11-02,-0.8202101503149706
2015-11-03,-1.5182339691232727
2015-11-04,1.2945157636588434
2015-11-05,-1.1159731213203017
2015-11-09,0.8431425944898763
2015-11-10,-0.4513221827741276
2015-11-11,2.022248573379848
2015-11-12,-0.7910206632061545
2015-11-16,-1.7507515836992837
2015-11-17,-0.4812918331834837
2015-11-18,0.6176474464313131
2015-11-19,1.1320486151083387
2015-11-23,1.5277807861206583
2015-11-24,0.5691642659392926
2015-11-25,-0.019030347250392765
2015-11-26,0.38020060065910855
2015-11-30,-0.027272058573935
2015-12-01,0.7252308173589128
2015-12-02,0.666221729319183
2015-12-03,-1.1663721158292617
2015-12-07,-1.3384742471165723
2015-12-08,-2.345780543166498
2015-12-09,0.3686033686324919
2015-12-10,-0.6892588253897713
2015-12-14,-3.7810853384087295
2015-12-15,1.599579791876593
2015-12-16,1.3834219988428487
2015-12-17,2.4522933582634465
2015-12-21,-1.8978529839182912
2015-12-22,1.7381067793818872
2015-12-23,-1.7350901608677916
2015-12-24,0.2078602607349822
2015-12-28,0.7398806562193272
2015-12-29,-0.9411068749615836
2015-12-30,-0.29226306858394224
2015-12-31,0.11663360671985146
2016-01-04,-1.801269240813852
2016-01-05,-0.5182986822019231
2016-01-06,-3.3079004871012785
2016-01-07,-4.290534042259608
2016-01-11,-0.32391981520643043
2016-01-12,-1.5797850610136166
2016-01-13,-0.31393063483076133
2016-01-14,-3.2739295927415313
2016-01-18,-5.212380061019672
2016-01-19,4.456173295255894
2016-01-20,-5.291844969220705
2016-01-21,0.43561935780846994
2016-01-25,2.7456897699281058
2016-01-26,0.2853519533678295
2016-01-27,0.9872118968171861
2016-01-28,3.0185281662252095
2016-02-01,1.493462624390851
2016-02-02,-2.1071576967885974
2016-02-03,0.9905142010968149
2016-02-04,0.7176099156055216
2016-02-08,-1.2159187141818961
2016-02-09,-0.4714260756051303
2016-02-10,-0.6342132109267595
2016-02-11,-2.9223260997442324
2016-02-15,0.7974734747236312
2016-02-16,0.8791876600977133
2016-02-17,1.0047602256483046
2016-02-18,1.305794371194935
2016-02-22,1.4311603517166205
2016-02-23,0.5859186874968003
2016-02-24,-1.4607295415338228
2016-02-25,0.6429707589457934
2016-02-29,1.9054046257405588
2016-03-01,1.2702661600643594
2016-03-02,-0.3345350875369135
2016-03-03,0.7121393254392316
2016-03-07,2.644182953424412
2016-03-08,0.4349187493319917
2016-03-09,-1.0688245613884817
2016-03-10,-0.20836165742679214
2016-03-14,-1.0169277874421567
2016-03-15,-0.7964201913466695
2016-03-16,1.261771705164172
2016-03-17,1.3294076688705303
2016-03-21,1.2846669207894124
2016-03-22,-0.22287702663916775
2016-03-23,-0.358461721493164
2016-03-24,-1.7046893829066434
2016-03-28,-1.1604677453451728
2016-03-29,-1.33289633919631
2016-03-30,0.784367272987474
2016-03-31,0.1108912736464518
2016-04-04,-0.2106526293824018
2016-04-05,-0.14780115653945103
2016-04-06,0.21525828675077463
2016-04-07,0.6998391587528019
2016-04-11,0.7869439239689413
2016-04-12,1.358836808342545
2016-04-13,0.45447186939338025
2016-04-14,0.9443176428895583
2016-04-18,-1.4115367110868249
2016-04-19,1.7255733202588885
2016-04-20,-0.4145711012322195
2016-04-21,1.1396047675566123
2016-04-25,4.070582217624086
2016-04-26,-1.9969945158392122
2016-04-27,0.9602495240708109
2016-04-28,-0.2815849778976087
2016-05-02,-1.3249977474657726
2016-05-03,-1.068191415340003
2016-05-04,-0.6583650024696297
2016-05-05,1.1514784724692362
2016-05-09,0.5002790121233502
2016-05-10,-0.8004522272507586
2016-05-11,0.18165619507239938
2016-05-12,0.6065176339856038
2016-05-16,0.013214194102673105
2016-05-17,0.583090906925321
2016-05-18,-0.09228631810138666
2016-05-19,-0.6418571002408058
2016-05-23,-4.071278206635043
2016-05-24,1.1154572649566319
2016-05-25,0.6718871813264471
2016-05-26,-0.5688263368769597
2016-05-30,-1.88046830728954
2016-05-31,1.5437679774638724
2016-06-01,0.0777073626158753
2016-06-02,0.4434457188418506
2016-06-06,-0.23038434398454655
2016-06-07,0.8656265424574983
2016-06-08,1.0165468447334902
2016-06-09,-0.08071633829533909
2016-06-13,-0.296334470371562
2016-06-14,0.5691803914123383
2016-06-15,-0.9525342526133684
2016-06-16,-0.30668397886550736
2016-06-20,0.29319404718641806
2016-06-21,-0.09985313370055593
2016-06-22,-0.3117365387725002
2016-06-23,0.30831303896388107
2016-06-27,-1.341521260327383
2016-06-28,0.3403670230349931
2016-06-29,0.3162694931353016
2016-06-30,-0.03346015478040698
2016-07-11,1.0702394171397955
2016-07-12,0.7484720686800728
2016-07-13,0.8875544572767069
2016-07-14,-0.5510858789373074
2016-07-18,0.30929348454833416
2016-07-19,-0.5520725228903345
2016-07-20,-0.2104844783215043
2016-07-21,-0.41991540134276306
2016-07-25,-1.2524633723341339
2016-07-26,-0.581562424392601
2016-07-27,-0.5214639247371977
2016-07-28,-1.432034169358154
2016-08-01,0.30045512335732383
2016-08-02,-1.2065694292218154
2016-08-03,-0.3837824741941276
2016-08-04,0.2094183828962315
2016-08-08,1.1645852481018792
2016-08-09,0.8838563987684012
2016-08-10,-0.5293249584372717
2016-08-11,-0.45379873551070204
2016-08-15,0.5402042663613216
2016-08-16,-0.49029916579179655
2016-08-17,-1.6988926199470455
2016-08-18,0.2545124714769642
2016-08-22,-1.8714299532710754
2016-08-23,-0.06607465258809953
2016-08-24,-1.060644245865383
2016-08-25,-0.7431650367164977
2016-08-29,1.6617144171542364
2016-08-30,0.8551226581181126
2016-08-31,-0.9283627624851576
2016-09-01,-0.918125986345153
2016-09-05,3.0676831769234525
2016-09-06,-0.44276867701977807
2016-09-07,-0.8711924022348327
2016-09-08,0.6567645261148058
2016-09-19,-4.00899045493901
2016-09-20,0.12970678718797757
2016-09-21,0.4994074892637812
2016-09-26,0.12163339807660378
2016-09-27,-3.8804233239348562
2016-09-28,-3.175227633608202
2016-09-29,1.961026433581381
2016-10-03,-3.7789037716979834
2016-10-04,2.2919011173332393
2016-10-05,0.9860671211880501
2016-10-06,0.7111376450374962
2016-10-10,-1.117565020739697
2016-10-11,1.5035033260012653
2016-10-12,0.5479117548940593
2016-10-13,-0.060952729176300124
2016-10-17,-2.3234143159642784
2016-10-18,-1.7034844491769618
2016-10-19,1.3228234064312616
2016-10-20,2.2749667318494815
2016-10-24,2.333344389001546
2016-10-25,1.2023196142646242
2016-10-26,-0.1501660290889717
2016-10-27,0.8097136012258588
2016-10-31,1.1822951932945358
2016-11-01,-0.3825728895042957
2016-11-02,-0.14032433788546683
2016-11-03,1.179551129680334
2016-11-07,2.1424181488223226
2016-11-08,1.866891948490057
2016-11-09,0.586831066698501
2016-11-10,2.1689065101158533
2016-11-14,1.3418232667378405
2016-11-15,-2.2987848135047173
2016-11-16,2.4750712350037674
2016-11-17,-0.4458571501714914
2016-11-21,-2.036457811624004
2016-11-22,1.7571074355526406
2016-11-23,2.8149361083629643
2016-11-24,-0.2538490555330952
2016-11-28,1.4887941963323215
2016-11-29,-0.251390719432365
2016-11-30,1.4528767372816276
2016-12-01,1.1941257271933736
2016-12-05,0.03069601910414832
2016-12-06,0.6306061432459487
2016-12-07,-0.5087560937431235
2016-12-08,-0.07196432447038603
2016-12-12,0.6305799466305828
2016-12-13,-0.8058519058057101
2016-12-14,-0.552064440114286
2016-12-15,0.41107767740289347
2016-12-19,-0.21200780162402566
2016-12-20,-0.638260399315449
2016-12-21,0.4175130023647
2016-12-22,0.4225513215198262
2016-12-26,1.0608194689108785
2016-12-27,1.156059640625351
2016-12-28,-0.36043532529905775
2016-12-29,-0.4379638600401137
2017-01-02,0.5375965554845763
2017-01-03,0.011259748758796206
2017-01-04,-0.7442060731577271
2017-01-05,0.062060472661684685
2017-01-09,-1.6266645631469956
2017-01-10,-0.9106444128974545
2017-01-11,-1.510424580740377
2017-01-12,0.5569394150834128
2017-01-16,-1.4165743406628906
2017-01-17,0.8464314164070785
2017-01-18,-0.321317589059511
2017-01-19,0.34083309697958697
2017-01-23,1.9528759487473124
2017-01-24,0.9463324971264342
2017-01-25,0.3704628597681392
2017-01-26,0.013292498820582921
2017-01-30,-0.06672801476508283
2017-01-31,-0.4365769859665747
2017-02-01,0.018060454953072735
2017-02-02,-0.02434895437861684
2017-02-06,-0.509453504153079
2017-02-07,-0.29566847522044526
2017-02-08,-0.9800519613813563
2017-02-09,0.11801364885393184
2017-02-13,1.3084098165910163
2017-02-14,-0.48259067893532404
2017-02-15,0.5835826690455903
2017-02-16,0.7620342028124227
2017-02-20,-0.9171770161781723
2017-02-21,-0.1555843410830704
2017-02-22,0.09834947427069807
2017-02-23,-0.23667682683790048
2017-02-27,-1.0794509801508312
2017-02-28,0.13682180893255236
2017-03-01,-0.06401266970534891
2017-03-02,0.7276534313092498
2017-03-06,-0.6333816007641602
2017-03-07,0.2697640856283101
2017-03-08,-0.3324412399882348
2017-03-09,-0.7569899680856196
2017-03-13,-1.815865795910021
2017-03-14,0.21313377507148346
2017-03-15,0.7027610847963217
2017-03-16,1.203727100451779
2017-03-20,-0.14952844717175395
2017-03-21,-0.12423638444563068
2017-03-22,-1.173569118497575
2017-03-23,0.7695808493025424
2017-03-27,-0.418033685537722
2017-03-28,0.32197252732739656
2017-03-29,1.0820687998382539
2017-03-30,0.6579152355492113
2017-04-03,-0.5717104646631554
2017-04-04,0.27384693282908046
2017-04-05,0.9026721657471981
2017-04-06,0.26690946865741694
2017-04-10,-0.24231608625360224
2017-04-11,-0.3668902908474436
2017-04-12,0.9160439100723394
2017-04-13,-0.37978527978772547
2017-04-17,-0.9198541451164388
2017-04-18,-0.9187366863077528
2017-04-19,0.18174408657216645
2017-04-20,-0.6895350655176102
2017-04-24,1.1932688153175164
2017-04-25,-0.9646330675716186
2017-04-26,0.06591337578036871
2017-04-27,0.4247163743952953
2017-05-01,0.7988429925234186
2017-05-02,0.05112627530543534
2017-05-03,-0.6790015083433687
2017-05-04,-0.5865587358776736
2017-05-08,-0.80271628166102
2017-05-09,0.8730171191569269
2017-05-10,0.12361094454398369
2017-05-11,-0.7191722111668852
2017-05-15,0.18496161547929546
2017-05-16,0.7011632420034886
2017-05-17,0.040232184441002516
2017-05-18,-0.1593295297237063
2017-05-22,0.7136615341922337
2017-05-23,-0.7957364068856165
2017-05-24,-0.4629224911486318
2017-05-25,-0.3804234396366013
2017-05-29,-0.6829765080107464
2017-05-30,0.7852650481353862
2017-05-31,-0.031469508354220466
2017-06-01,-0.12453083457355518
2017-06-05,1.4674195442735183
2017-06-06,-0.5740604119084836
2017-06-07,0.1916665777084603
2017-06-08,-1.1885578547440545
2017-06-12,-0.5397454769472176
2017-06-13,0.04724171468062366
2017-06-14,0.5025946194471942
2017-06-15,-0.5139799777332144
2017-06-19,3.283321292869168
2017-06-20,-1.6004522150167233
2017-06-21,5.387714986252234
2017-06-22,0.8030749307680551
2017-07-03,0.6884059644590934
2017-07-04,-2.7550717236879407
2017-07-05,-0.28295641867899235
2017-07-06,-0.7795546610472215
2017-07-10,0.5478826321379415
2017-07-11,0.10291809606250979
2017-07-12,0.8259790615745999
2017-07-13,0.019183906966802056
2017-07-17,-0.36574518094116826
2017-07-18,-0.4528195190141915
2017-07-19,-0.30557825991834875
2017-07-20,0.4736680084782563
2017-07-24,-0.14559923841410694
2017-07-25,-0.3384765394631728
2017-07-26,-0.3555242487170318
2017-07-27,-0.31487972939281406
2017-07-31,-1.098350391466596
2017-08-01,0.31359362182321604
2017-08-02,-0.3916003314229144
2017-08-03,0.09950408842041014
2017-08-07,0.39374764489270575
2017-08-08,0.4181386498098405
2017-08-09,0.05914099121202554
2017-08-10,0.1367379566483251
2017-08-14,-0.5694374088809795
2017-08-15,-0.27532946458617147
2017-08-16,0.3868262158485791
2017-08-17,0.6916094057324074
2017-08-21,0.5736142073940798
2017-08-22,0.316864089484703
2017-08-23,0.08780872615243851
2017-08-24,-0.27714888565562035
2017-08-28,0.23403196851372599
2017-08-29,-0.06096021818962072
2017-09-06,0.6492255351981058
2017-09-07,0.6874282242744556
2017-09-11,0.6087516468726406
2017-09-12,-0.23180904237243283
2017-09-13,-0.28645391172812396
2017-09-14,-0.06970582490311017
2017-09-18,0.28414195029391465
2017-09-19,-0.5941758154948573
2017-09-20,-0.38767242307216065
2017-09-21,0.13231214005458014
2017-09-25,-1.4015487291473505
2017-09-26,0.3344452882233284
2017-09-27,-0.08234191371929711
2017-09-28,0.6938332648337209
2017-10-02,-0.8671929971976411
2017-10-03,0.3297005104688111
2017-10-04,0.5584283926893363
2017-10-05,-0.4159544454102715
2017-10-09,-2.006661107391139
2017-10-10,-0.8607959375966701
2017-10-11,-2.044331301088853
2017-10-12,1.6196244852794806
2017-10-16,-0.21332248587935254
2017-10-17,0.21421613972485432
2017-10-18,-0.7461845579976867
2017-10-19,1.0475252802786272
2017-10-23,-1.8676521302126048
2017-10-24,0.10628629298388148
2017-10-25,0.33789501452030635
2017-10-26,0.05294473090060592
2017-10-30,0.4877826232716487
2017-10-31,-0.20298446339808152
2017-11-01,0.20194256237857644
2017-11-02,0.0966521366953188
2017-11-06,0.3905917175833551
2017-11-07,-0.7780835328853541
2017-11-08,0.09138366354584093
2017-11-09,0.2653970109005144
2017-11-13,0.08205110961103657
2017-11-14,0.2390631728161452
2017-11-15,-0.9904131971739005
2017-11-16,0.08552037683848823
2017-11-20,-1.576527399839378
2017-11-21,-0.2490233155260313
2017-11-22,0.7146986890177232
2017-11-23,0.7774277630067772
2017-11-27,0.8048491910027877
2017-11-28,0.3095711615550556
2017-11-29,0.006464951910878369
2017-11-30,0.43302156283751003
2017-12-04,1.3596115400808628
2017-12-05,-0.6361509722593084
2017-12-06,-0.5785506288749076
2017-12-07,0.88954087023847
2017-12-11,0.15327467734813638
2017-12-12,0.2830982380753966
2017-12-13,-0.44439838124450404
2017-12-14,-0.23828857223406885
2017-12-18,1.6494509837569282
2017-12-19,-0.018338679152840598
2017-12-20,0.1378150252291377
2017-12-21,-0.06950878219278422
2017-12-25,-0.8888534524693625
2017-12-26,0.5037957765816614
2017-12-27,0.310688085161992
2017-12-28,0.3738373131225714
2018-01-01,-0.5496725320600859
2018-01-02,-0.28462711744605684
2018-01-03,0.76129124859321
2018-01-04,0.6751489254396503
2018-01-08,0.37969508403534746
2018-01-09,-0.32391147938675147
2018-01-10,0.1324583373845556
2018-01-11,0.5033991643109914
2018-01-15,1.9125106073209608
2018-01-16,0.46951362496887583
2018-01-17,0.006511465305081288
2018-01-18,-0.04813489638699764
2018-01-22,-0.7855776065865072
2018-01-23,0.23196413935053783
2018-01-24,-0.1977198115197254
2018-01-25,0.5817421559036973
2018-01-29,0.5752266884764268
2018-01-30,0.7622086772412828
2018-01-31,0.16128618885318247
2018-02-01,0.031997861277943684
2018-02-05,-0.9217306880838549
2018-02-06,-1.5423393010950193
2018-02-07,-0.5130776902499079
2018-02-08,-0.09656397648551973
2018-02-12,0.3415278896836682
2018-02-13,-0.19097497949296383
2018-02-14,0.10469891013062949
2018-02-15,1.2085074918537941
2018-02-19,0.1335043567165073
2018-02-20,-0.3438728187065365
2018-02-21,0.0025236281624430035
2018-02-22,0.26200270007272763
2018-02-26,-0.7337161716941765
2018-02-27,-0.03607042602045141
2018-02-28,-0.6080711590218613
2018-03-01,-0.04841103649759759
2018-03-05,-0.5782677928658941
2018-03-06,1.0093430455064833
2018-03-07,0.14392430396164002
2018-03-08,1.4144625408095024
2018-03-12,2.7212299818739183
2018-03-13,-0.30556330950979316
2018-03-14,-0.10671824448049705
2018-03-15,-0.4151110860593832
2018-03-19,-0.41604554394982785
2018-03-20,0.22547601247406845
2018-03-21,0.4717744535369661
2018-03-22,0.9731199761295883
2018-03-26,0.11444180898951828
2018-03-27,1.0317317849997565
2018-03-28,-0.6354137969990958
2018-03-29,-0.3591814662849302
2018-04-02,-1.0840412793539755
2018-04-03,0.30727164439579013
2018-04-04,0.925806909561544
2018-04-05,0.9581696063085232
2018-04-09,0.17110136677622734
2018-04-10,-0.35525704928467405
2018-04-11,-1.879371526504947
2018-04-12,0.42801181783058695
2018-04-16,2.8681811038300253
2018-04-17,0.34206333597897043
2018-04-18,0.50121519184394
2018-04-19,1.5133088065264033
2018-04-23,0.5464855550513903
2018-04-24,-0.3406012103434719
2018-04-25,-1.0055066062959028
2018-04-26,0.26379691894913293
2018-04-30,-0.47715834401476087
2018-05-01,-0.5822583158066053
2018-05-02,-0.6701694443014716
2018-05-03,0.1817066860928307
2018-05-07,0.13250848609054344
2018-05-08,-1.308839060979139
2018-05-09,-1.5885630354116387
2018-05-10,0.6196561247570287
2018-05-14,1.963328907191375
2018-05-15,-0.5493645184889928
2018-05-16,-1.0241548033512515
2018-05-17,0.8077411694198844
2018-05-21,-0.2952221529499255
2018-05-22,0.6094924739322494
2018-05-23,-0.11841832412233799
2018-05-24,-0.02477465643817567
2018-05-28,-0.9410001484837949
2018-05-29,0.5352390619812297
2018-05-30,0.1054029444391702
2018-05-31,1.8571095111223457
2018-06-04,1.9542101042341997
2018-06-05,0.6365680187615297
2018-06-06,-0.4130716962203351
2018-06-07,-0.47912434512582536
2018-06-11,-1.1786582321596129
2018-06-12,0.42658818979450785
2018-06-20,-1.2662394080351191
2018-06-21,0.5917515731026057
2018-06-25,1.6294029723088244
2018-06-26,-0.6617076109286302
2018-06-27,0.22380951077369815
2018-06-28,-0.05607938817036029
2018-07-02,-0.47664615908562524
2018-07-03,-0.4417798470948142
2018-07-04,0.19055835815073863
2018-07-05,-0.8501920676886598
2018-07-09,1.8728067337370646
2018-07-10,0.9603933766383577
2018-07-11,-0.474498449362315
2018-07-12,-0.32147440913909975
2018-07-16,1.544681651437152
2018-07-17,-0.45212951725375206
2018-07-18,-0.12923903385519964
2018-07-19,-0.021449873326595537
2018-07-23,-0.015424350835147038
2018-07-24,-0.5058951398151379
2018-07-25,-0.031652405177773346
2018-07-26,-0.368265064158102
2018-07-30,-0.6658942411387869
2018-07-31,-0.1106020447206646
2018-08-01,-0.04027214326907114
2018-08-02,-0.4161247945820179
2018-08-06,-0.24744207074398616
2018-08-07,0.1855540835602909
2018-08-08,-0.4010573114207716
2018-08-09,-0.3873528865895537
2018-08-13,-3.741083903098996
2018-08-14,0.5761716600444444
2018-08-15,-0.2846213970714828
2018-08-16,0.06322480797607
2018-08-27,1.685010053008007
2018-08-28,0.31846092318570385
2018-08-29,-0.3005367040659124
2018-08-30,-0.8847650291073705
2018-09-03,-0.004386776574527573
2018-09-04,0.34759961857542265
2018-09-05,-3.198387197747188
2018-09-06,-0.15562116528826664
2018-09-10,0.34181616134905113
2018-09-11,-0.1661602787512706
2018-09-12,-0.7386935136159067
2018-09-13,-0.5240611617754354
2018-09-17,0.31360074852830877
2018-09-18,0.4379073482457585
2018-09-19,1.0830472156211357
2018-09-20,0.39500282349642646
2018-09-25,1.676785329807906
2018-09-26,-0.31200606055090674
2018-09-27,0.03040849329689621
2018-10-01,1.7328317105285151
2018-10-02,-0.8589809328571008
2018-10-03,0.3575152176107821
2018-10-04,-0.16210812819164033
2018-10-08,-0.7309544935710122
2018-10-09,-0.3758836388787046
2018-10-10,-0.8390159821058063
2018-10-11,-3.872864466381465
2018-10-15,0.8310836173867742
2018-10-16,1.3557782101187854
2018-10-17,-0.2098768224414016
2018-10-18,-0.14485621674644733
2018-10-22,0.01014042134332982
2018-10-23,-1.302289804928236
2018-10-24,-0.3906173910326771
2018-10-25,4.2771654685529015
2018-10-29,-0.17390231594855976
2018-10-30,-0.2891107079472377
2018-10-31,0.9255569949033315
2018-11-01,-0.43271398372510816
2018-11-05,-0.9791639860839751
2018-11-06,0.20855461528839214
2018-11-07,-0.2438899807865269
2018-11-08,-0.611398377111172
2018-11-12,0.46306295401628006
2018-11-13,-0.3292640289751958
2018-11-14,-1.1637654601452496
2018-11-15,0.1294909028358049
2018-11-19,-1.3174886419674792
2018-11-20,-0.6187636834948052
2018-11-21,0.21472546442335982
2018-11-22,1.2420850367234948
2018-11-26,-1.134677172356291
2018-11-27,0.6460706676225669
2018-11-28,0.7417351059073596
2018-11-29,0.8448369043250636
2018-12-03,2.6406266281686186
2018-12-04,-0.3990424562287487
2018-12-05,-0.3309818116937535
2018-12-06,-0.4361527823407485
2018-12-10,-0.33874759838674606
2018-12-11,0.28461720604173735
2018-12-12,0.6391829632537593
2018-12-13,0.2484372910775079
2018-12-17,0.6370639808128686
2018-12-18,-0.38139743215825916
2018-12-19,-1.0460296415631731
2018-12-20,-1.2852076076146801
2018-12-24,0.27710913502723145
2018-12-25,-0.5808458545898176
2018-12-26,-0.03451857373644174
2018-12-27,0.5169155223784472
2018-12-31,0.957344230043411
2019-01-01,-0.4555403367033861
2019-01-02,-0.09423600887643602
2019-01-03,0.5139353235373179
2019-01-07,2.6937062687213853
2019-01-08,-0.11845793334597232
2019-01-09,1.0303418700045697
2019-01-10,0.6634017542076265
2019-01-14,0.6369047936145122
2019-01-15,0.8353129263033665
2019-01-16,0.6058826025398645
2019-01-17,0.40595243647629786
2019-01-21,-0.6115757752922946
2019-01-22,-0.006734241351580295
2019-01-23,0.798592246063734
2019-01-24,-0.4334213838452783
2019-01-28,2.2272076823503184
2019-01-29,-0.6728608702173844
2019-01-30,0.014287191662631926
2019-01-31,-0.28297013707661023
2019-02-04,-0.4413338893536789
2019-02-05,1.245832922876744
2019-02-06,0.020395722496502344
2019-02-07,-0.27257032323895203
2019-02-11,-0.8015705353999536
2019-02-12,0.7306366675651432
2019-02-13,0.15871720514724075
2019-02-14,0.07704144832310078
2019-02-18,-0.6745288883028167
2019-02-19,-0.5762117007765966
2019-02-20,0.6547771475279518
2019-02-21,-0.2639437264706501
2019-02-25,-1.339291727227554
2019-02-26,0.3842066036916947
2019-02-27,0.1985833371199064
2019-02-28,0.22245596268035683
2019-03-04,0.8271871257408137
2019-03-05,-0.12549027318122796
2019-03-06,-0.33766426466872446
2019-03-07,-0.6276351869589192
2019-03-11,-0.5693040715280873
2019-03-12,0.2991563679135112
2019-03-13,0.9468183444109712
2019-03-14,0.5769637261119342
2019-03-18,0.7382789599860828
2019-03-19,-0.022503736976275945
2019-03-20,-0.24478698682948163
2019-03-21,0.7924566028394864
2019-03-25,-0.5469362232011221
2019-03-26,0.1606836945743595
2019-03-27,0.9949296268507268
2019-03-28,0.17091443543399976
2019-04-01,1.1719750356839143
2019-04-02,0.31412795594807363
2019-04-03,0.4990521055752595
2019-04-04,0.8021976092068783
2019-04-08,-0.37706588629617954
2019-04-09,0.10295560355171318
2019-04-10,0.31555532853513313
2019-04-11,0.08712052681474347
2019-04-15,-0.018260273847836572
2019-04-16,0.5568397260931945
2019-04-17,1.0222430120775172
2019-04-18,-0.5532034895491478
2019-04-22,-0.009636057090212091
2019-04-23,0.35875614702565173
2019-04-24,0.07614575645522592
2019-04-25,0.38927104436581317
2019-04-29,-0.029777278954234987
2019-04-30,0.2845793584333123
2019-05-01,0.5891273518372486
2019-05-02,-0.3283671941138877
2019-05-06,-3.1923353464652138
2019-05-07,-0.5659225855547234
2019-05-08,-0.6360690571934668
2019-05-09,-0.3838663694558875
2019-05-13,-5.630113586051522
2019-05-14,0.5714016369063657
2019-05-15,1.3856370396810647
2019-05-16,1.5797160282158274
2019-05-20,-1.9452931888514158
2019-05-21,1.7458421905804045
2019-05-22,0.43443870225594594
2019-05-23,-1.5302585968033355
2019-05-27,-1.668133651046766
2019-05-28,2.1638278722708293
2019-05-29,-1.7334733917875766
2019-05-30,1.3095588003430692
2019-06-10,3.758779460420314
2019-06-11,1.2410105124832427
2019-06-12,0.8296181814234416
2019-06-13,-1.7373031598788558
2019-06-17,0.46757989246888343
2019-06-18,0.267093398726459
2019-06-19,-0.7421513652152711
2019-06-20,-0.6983287010479344
2019-06-24,-3.0271006662273336
2019-06-25,0.8612235727037287
2019-06-26,0.45370522961913906
2019-06-27,1.2230050864413755
2019-07-01,0.523427873703497
2019-07-02,-0.2926907530023115
2019-07-03,0.20933612666063084
2019-07-04,-0.10000288613500885
2019-07-08,-0.2221482412467779
2019-07-09,0.3267766993825916
2019-07-10,0.5525501824637402
2019-07-11,0.64631191255895
2019-07-15,0.7697226190060746
2019-07-16,0.22715038925884556
2019-07-17,-0.024567842403300233
2019-07-18,-0.4791881225720829
2019-07-22,-1.3779528439163968
2019-07-23,-1.1369679073558459
2019-07-24,0.01684640617156674
2019-07-25,0.42256667854552177
2019-07-29,-1.0446291469950353
2019-07-30,0.21142383061452108
2019-07-31,-0.08692239997749596
2019-08-01,-0.7530264680339016
2019-08-05,-2.2856676660971686
2019-08-06,-0.6375273066336007
2019-08-07,1.1771923449405364
2019-08-08,0.7364517808126081
2019-08-19,0.10100844643581297
2019-08-20,0.2405996518056952
2019-08-21,-0.9804622663132534
2019-08-22,-0.6806587436685163
2019-08-26,-2.171568219195663
2019-08-27,0.5373917890077351
2019-08-28,-1.3632879427513345
2019-08-29,-1.7513332680808347
2019-09-02,-0.4248511740504668
2019-09-03,-0.4926566356498796
2019-09-04,1.7529052832381709
2019-09-05,-0.16363034024262646
2019-09-09,-0.02447797547588948
2019-09-10,-1.1355600070727334
2019-09-11,-1.3014177342354216
2019-09-12,-0.16424826970347084
2019-09-16,0.0007376237329381752
2019-09-17,-0.7064630766503655
2019-09-18,0.7129125483807286
2019-09-19,1.303558588441156
2019-09-24,1.6632729554602932
2019-09-25,-0.6681913469824607
2019-09-26,-0.03768082001354145
2019-09-30,0.7859654083027579
2019-10-01,-0.5505168805553851
2019-10-02,-0.8321481394480301
2019-10-03,-0.7226895523356092
2019-10-07,-0.4601272739924056
2019-10-08,-0.5112521437634854
2019-10-09,-1.442234110890439
2019-10-10,-0.12651190015624536
2019-10-14,-1.202994483676889
2019-10-15,-1.44178255949452
2019-10-16,0.6486463038235968
2019-10-17,1.5515767207336495
2019-10-21,1.53823689720749
2019-10-22,1.217136181633549
2019-10-23,0.023161225490042625
2019-10-24,0.2666617215963285
2019-10-28,-1.683407471062992
2019-10-29,-1.0577924610558398
2019-10-30,1.4075006285168001
2019-10-31,-0.6978543689829309
2019-11-04,-1.1505477849398815
2019-11-05,1.7750925577573184
2019-11-06,-0.5350375660588824
2019-11-07,0.6329775823791906
2019-11-11,1.5272898504292698
2019-11-12,0.5958761601764451
2019-11-13,-0.7150415164728585
2019-11-14,-0.08477609286074994
2019-11-18,0.9686862457879641
2019-11-19,0.48452610234175353
2019-11-20,0.0402124601260212
2019-11-21,0.0767616968744278
2019-11-25,-0.6270217480281559
2019-11-26,-1.6670551948671175
2019-11-27,-0.16525579833341908
2019-11-28,0.14107810853793978
2019-12-02,-0.3173757703056168
2019-12-03,0.6595079173473906
2019-12-04,-0.19579628288841633
2019-12-05,0.43294342513124917
2019-12-09,2.639421607900516
2019-12-10,-0.8924434942722215
2019-12-11,0.8198802361462754
2019-12-12,-1.6580394749494687
2019-12-16,1.7579796756914234
2019-12-17,0.608291510360992
2019-12-18,0.5920188464290987
2019-12-19,0.3771084418803028
2019-12-23,1.4347644567592965
2019-12-24,-0.09960456084989744
2019-12-25,-0.9629764362667714
2019-12-26,0.185205793957266
2019-12-30,-0.09238702860390191
2019-12-31,0.5360879098143201
2020-01-01,-0.4054981375766431
2020-01-02,0.47160758451934015
2020-01-06,-2.3338403299357324
2020-01-07,0.0889623579624299
2020-01-08,-0.8634391465657032
2020-01-09,2.7796803636489287
2020-01-13,0.9392449270652747
2020-01-14,0.24965703450430254
2020-01-15,-0.5747061056872838
2020-01-16,0.3409576714489049
2020-01-20,0.09413400265874117
2020-01-21,-0.3058233967944801
2020-01-22,-0.18596480067927246
2020-01-23,-0.47842444598718004
2020-01-27,-2.4658151907344106
2020-01-28,0.06339933477388371
2020-01-29,0.30733427734332963
2020-01-30,0.7414729677954313
2020-02-03,-1.6998764518735499
2020-02-04,0.43086398488263455
2020-02-05,-0.5386858508177994
2020-02-06,-0.46757937621642043
2020-02-10,-0.9610097056842903
2020-02-11,-0.8664921159009964
2020-02-12,0.35222023358336685
2020-02-13,-0.5125190358887366
2020-02-17,0.01863105468835613
2020-02-18,-0.16134485640755258
2020-02-19,1.3889247356612344
2020-02-20,0.38879901514583537
2020-02-24,-3.3769782704990092
2020-02-25,0.39029923464521943
2020-02-26,-0.5533442809252165
2020-02-27,-1.0164544786713137
2020-03-02,-3.6244983034745104
2020-03-03,3.1126353788167194
2020-03-04,-0.5623425006280769
2020-03-05,-0.7650604640820902
2020-03-09,-16.696554781463213
2020-03-10,8.211607861777814
2020-03-11,-3.3273456313626326
2020-03-12,-2.822363777810999
2020-03-16,-6.153230801865384
2020-03-17,3.049728045964173
2020-03-18,0.7455868261889265
2020-03-19,1.7400534815287472
2020-03-23,-4.6958488208384
2020-03-24,3.6600867196757036
2020-03-25,0.05580194074550349
2020-03-26,1.8145307776293862
2020-03-30,0.5548032859907792
2020-03-31,1.9415018464702172
2020-04-01,0.7806817456664561
2020-04-02,2.5713723404082955
2020-04-06,1.3746961943045477
2020-04-07,1.6061038954111595
2020-04-08,-0.02103943737328251
2020-04-09,0.025141269583173198
2020-04-13,-2.9510160415041398
2020-04-14,1.2530880599362249
2020-04-15,-0.9134416000581069
2020-04-16,-2.6424356425659212
2020-04-20,-0.22609612516220068
2020-04-21,-1.4924323211651824
2020-04-22,0.8423412111186579
2020-04-23,0.9501290401873419
2020-04-27,3.2346200069300224
2020-04-28,0.5362109936001502
2020-04-29,1.2986952336699886
2020-04-30,1.6485692817262532
2020-05-04,-7.738614258358112
2020-05-05,2.2817408356111457
2020-05-06,-0.8172268534787364
2020-05-07,-0.3311079421802532
2020-05-11,-0.32148748345264266
2020-05-12,1.2532434137447979
2020-05-13,0.4604996434043329
2020-05-14,-0.1342828974779664
2020-05-18,2.978315371398743
2020-05-19,1.5172000711261902
2020-05-20,-0.13486505600628362
2020-05-21,-0.060148985506636166
2020-06-01,3.301197351621532
2020-06-02,-0.32729239468558546
2020-06-03,-0.9401286646518514
2020-06-04,-0.1542458310675343
2020-06-08,1.3060444357968493
2020-06-09,0.29693208647856295
2020-06-10,-0.07847370412754628
2020-06-11,-0.26689763702485436
2020-06-15,-0.6193620861159488
2020-06-16,0.6653364006883322
2020-06-17,-0.01683281424718075
2020-06-18,0.6137424380231238
2020-06-22,-1.364318645498308
2020-06-23,0.15806118499472888
2020-06-24,-0.6972260567806643
2020-06-25,0.32402057769438386
2020-06-29,0.7522383064392457
2020-06-30,-0.9379730945415332
2020-07-01,0.455427390722285
2020-07-02,0.7883951966505265
2020-07-06,0.9925125939155066
2020-07-07,0.02569544267920776
2020-07-08,-0.12728359046150217
2020-07-09,0.2961286025465526
2020-07-13,-0.08831668130611092
2020-07-14,-0.4353060430641875
2020-07-15,0.5415243641424539
2020-07-16,0.08307311980075838
2020-07-20,-0.6881260820847501
2020-07-21,0.5863701580816283
2020-07-22,0.11043205769887265
2020-07-23,-0.037336335513771246
2020-07-27,0.38253386476352347
2020-07-28,0.011266337767956713
2020-08-05,0.13283586356021004
2020-08-06,0.37896655987008643
2020-08-10,0.439720982299896
2020-08-11,1.1392931018241015
2020-08-12,0.1401173535805711
2020-08-13,0.7114925904250669
2020-08-17,0.607000706218308
2020-08-18,1.154682899652748
2020-08-19,-0.13066467006090932
2020-08-20,-0.16533773262938922
2020-08-24,1.4490882409743833
2020-08-25,-0.3594197332045468
2020-08-26,0.1947043614904942
2020-08-27,-0.28241524378902483
2020-08-31,0.09210321512718167
2020-09-01,-0.5328540734431897
2020-09-02,1.4802605762392673
2020-09-03,0.2860910098146263
2020-09-07,-0.0007769312540872875
2020-09-08,0.46396163132875756
2020-09-09,-0.16939645839642026
2020-09-10,0.6785042530472296
2020-09-14,1.416502899634331
2020-09-15,0.6541472257305614
2020-09-16,-0.23083716000247279
2020-09-17,0.30036181836301523
2020-09-21,-0.5929455481279433
2020-09-22,-0.5280238535744886
2020-09-24,-0.0512764742413907
2020-09-28,1.2101917777371796
2020-09-29,-0.6981251023402635
2020-09-30,0.1999519605146105
2020-10-01,-0.058686502260663076
2020-10-05,-0.4521847049289818
2020-10-06,1.3780848359841613
2020-10-07,-0.22761159761834904
2020-10-08,0.6217513379530359
2020-10-12,1.5021821903687282
2020-10-13,0.5094643743410288
2020-10-14,-0.1993170625043561
2020-10-15,-0.46616395845582304
2020-10-19,-0.042866547988751336
2020-10-20,-0.1588222319437449
2020-10-21,-0.40895960478479765
2020-10-22,0.13515568103699138
2020-10-26,-4.2001121337801095
2020-10-27,0.8738762830772018
2020-10-28,-0.8810130279847783
2020-10-29,-2.5992869957514486
2020-11-02,1.6638533190077354
2020-11-03,-0.3314571858673787
2020-11-04,1.127631753515601
2020-11-05,-0.08594769695928761
2020-11-09,3.343552203709166
2020-11-10,0.17615094109899587
2020-11-11,0.41228830313535525
2020-11-12,-0.25188471056942774
2020-11-16,1.0731267957023505
2020-11-17,0.4468288778761931
2020-11-18,0.492698639917144
2020-11-19,-0.5644940701118983
2020-11-23,0.3975909254384291
2020-11-24,0.266517713684955
2020-11-25,0.5744430873036777
2020-11-26,-0.006099919250246444
2020-11-30,0.5921993828847505
2020-12-01,-0.3439410715195379
2020-12-02,-0.3157858165034
2020-12-03,-0.1945924593146131
2020-12-07,-0.45716572052310056
2020-12-08,-0.2025588012484647
2020-12-09,0.587149089840544
2020-12-10,-0.22644220798202497
2020-12-14,0.19179810091802807
2020-12-15,-0.027157054045012785
2020-12-16,0.7059485086836403
2020-12-17,-0.1712855745715558
2020-12-21,-2.014206259595497
2020-12-22,1.8057550221868723
2020-12-23,0.3700128746906728
2020-12-24,-0.27123412919465295
2020-12-28,0.14316517521564265
2020-12-29,0.34507263939858035
2020-12-30,0.11722135092213648
2020-12-31,-0.8323354421133189
2021-01-04,-0.19432121316356188
2021-01-05,0.2012336425845973
2021-01-06,-0.13612929861555045
2021-01-07,0.770192398924685
2021-01-11,1.4406403489045871
2021-01-12,0.02768559287673611
2021-01-13,0.28094375459097876
2021-01-14,-0.21920031920696914
2021-01-18,0.36629256556501844
2021-01-19,-0.361341079608124
2021-01-20,-0.24857195621628136
2021-01-21,0.004049500377867332
2021-01-25,-0.3266889997767919
2021-01-26,-0.6200044073636946
2021-01-27,-0.006905518853628223
2021-01-28,0.28004758951691855
2021-02-01,-1.83466485607795
2021-02-02,-0.20428442194031504
2021-02-03,-0.8206118161830034
2021-02-04,0.9662797182562244
2021-02-08,2.1484745963702423
2021-02-09,0.7500164526266673
2021-02-10,-0.034137426156988226
2021-02-11,0.42722122913883
2021-02-15,1.4775031712730424
2021-02-16,0.08097266511430945
2021-02-17,-0.2526251959839243
2021-02-18,-0.6655237057360708
2021-02-22,0.641713359823548
2021-02-23,0.7773045759536856
2021-02-24,-0.4713350081653189
2021-02-25,0.8736539465758142
2021-03-01,-0.6866282882038277
2021-03-02,1.2249771115065755
2021-03-03,0.5770729321413981
2021-03-04,-0.8142448071740915
2021-03-08,1.454813627264251
2021-03-09,0.9411699282138031
2021-03-10,1.1654910824921316
2021-03-11,-0.21814530219685935
2021-03-15,0.5694144684406766
2021-03-16,0.09057828608742824
2021-03-17,-0.6327580610527406
2021-03-18,-1.1795530627807693
2021-03-22,0.754133192081774
2021-03-23,-0.6317457202202448
2021-03-24,-0.22859438603006765
2021-03-25,-0.4596434205799582
2021-03-29,2.126764907262313
2021-03-30,0.046431250914480415
2021-03-31,2.72678843154619
2021-04-01,-0.369826375713167
2021-04-05,0.6384931537152028
2021-04-06,0.16712529498281725
2021-04-07,0.21117051976240475
2021-04-08,-0.055552991350715786
2021-04-12,-1.0585749234554243
2021-04-13,-0.6210574557455217
2021-04-14,0.1727338206748641
2021-04-15,1.4265802390337257
2021-04-19,0.978888146678969
2021-04-20,0.06923726402590091
2021-04-21,-0.2647383298736372
2021-04-22,0.3845759499112589
2021-04-26,0.9199850856484559
2021-04-27,0.26407055366046706
2021-04-28,2.4846066887638685
2021-04-29,-1.295202573984966
2021-05-03,-1.0334049071214935
2021-05-04,0.1839121123522247
2021-05-05,-0.6336168576851264
2021-05-06,-0.1768830041260827
2021-05-10,0.9504895857499918
2021-05-17,0.6443778448630866
2021-05-18,0.18171868485232778
2021-05-19,-0.5346095366089543
2021-05-20,-0.28961759161916234
2021-05-24,-0.17543799586228204
2021-05-25,1.2707990619224674
2021-05-26,0.1282836406289789
2021-05-27,0.41038461592481923
2021-05-31,0.24920071953111744
2021-06-01,0.3963431633252412
2021-06-02,0.5104208607139782
2021-06-03,0.32800441321558793
2021-06-07,0.15121032197473738
2021-06-08,0.11300475638407192
2021-06-09,0.48735421159822323
2021-06-10,0.007052408642849173
2021-06-14,1.0601053100176117
2021-06-15,-0.8510585984495833
2021-06-16,0.260332363611937
2021-06-17,-0.03699045866181194
2021-06-21,0.05323033765858298
2021-06-22,0.29149311698120073
2021-06-23,-0.004459887329844037
2021-06-24,0.22230167094079434
2021-06-28,0.3179597831829639
2021-06-29,0.3219899238589008
2021-06-30,-0.15210908632230513
2021-07-01,-0.05030015398510557
2021-07-05,0.20100758145886743
2021-07-06,-0.28917555785312743
2021-07-07,-0.09992509703700136
2021-07-08,-1.2141184584844922
2021-07-12,-1.0736905534500352
2021-07-13,0.4700738717103192
2021-07-14,0.3958828415445481
2021-07-15,0.11963895600928254
2021-07-26,0.9298276525774085
2021-07-27,0.08661629565658302
2021-07-28,0.11684079498763822
2021-07-29,0.6945152938978794
2021-08-02,1.234569896323734
2021-08-03,0.336357115915753
2021-08-04,-0.4887565375206293
2021-08-05,0.4322571354748561
2021-08-09,-0.1349718946764611
2021-08-10,0.9034838484202723
2021-08-11,0.1468199591624142
2021-08-12,-0.05318523538928588
2021-08-16,-0.02825838734423769
2021-08-17,0.621313487086006
2021-08-18,-0.47490003675552117
2021-08-19,-1.253282332782213
2021-08-23,-1.1386874768863464
2021-08-24,0.8320654890065171
2021-08-25,0.11637109617730346
2021-08-26,-0.2712369845191631
2021-08-30,1.1433585706935645
2021-08-31,0.47856891597373163
2021-09-01,-0.14971101366327844
2021-09-02,0.06700841709381677
2021-09-06,0.7620586868965162
2021-09-07,-0.011997684215181437
2021-09-08,0.336181754693321
2021-09-09,-0.36908846335315104
2021-09-13,-0.26065970036892594
2021-09-14,-0.09119075450225722
2021-09-15,0.34635809918377447
2021-09-16,0.07272269897882211
2021-09-20,-0.8408929921182917
2021-09-21,-0.049622175321495376
2021-09-22,-0.37656112022474986
2021-09-27,0.9078706127944258
2021-09-28,0.05474177166693295
2021-09-29,-0.017488938604159898
2021-09-30,0.9696165274503343
2021-10-04,-0.33572901833807123
2021-10-05,0.7654345743519642
2021-10-06,0.07570830967331688
2021-10-07,0.13666060164201355
2021-10-11,-0.7097826519911976
2021-10-12,0.31451759253471323
2021-10-13,0.6983377852604278
2021-10-14,0.5733113390373745
2021-10-18,0.43163189483674813
2021-10-19,0.23110018597094495
2021-10-20,0.895898276676732
2021-10-21,0.21070091732653395
2021-10-25,-0.46838304599301495
2021-10-26,-0.3452470891666337
2021-10-27,-0.29595260806587476
2021-10-28,-0.3814501829127792
2021-11-01,-0.26398335634123526
2021-11-02,0.2831075271126693
2021-11-03,-0.5795956692583815
2021-11-04,0.609137299288065
2021-11-08,0.7624615036595728
2021-11-09,-0.8680615818988713
2021-11-10,0.9253929257454274
2021-11-11,0.28647258435814393
2021-11-15,-0.5727170684737715
2021-11-16,-0.04877580426523309
2021-11-17,0.06350038398323932
2021-11-18,-1.0481479809747896
2021-11-22,-4.626427528747001
2021-11-23,1.1606969520460808
2021-11-24,1.0454774057684801
2021-11-25,-0.6868637979593473
2021-11-29,-4.3933135404978785
2021-11-30,-0.0855990789382588
2021-12-01,0.9517474384365343
2021-12-02,0.2712247240765464
2021-12-06,1.2277972780770696
2021-12-07,0.6732735003081913
2021-12-08,-1.1506629866827822
2021-12-09,-0.42517727371453873
2021-12-13,0.7909591518778569
2021-12-14,-0.0034439529727592344
2021-12-15,1.0526847943392426
2021-12-16,1.4068657516366656
2021-12-20,-1.4078459650416875
2021-12-21,0.869234916871342
2021-12-22,-0.5574253898878112
2021-12-23,0.6219046702645059
2021-12-27,-1.0278197743270212
2021-12-28,1.439462857893048
2021-12-29,-1.1211266932239283
2021-12-30,0.784052305833427
2022-01-03,0.3594515867218817
2022-01-04,0.21083347744621506
2022-01-05,0.8084482287438632
2022-01-06,-0.27760288324696347
2022-01-10,2.021521906166157
2022-01-11,1.3512794601284739
2022-01-12,0.7818953886220115
2022-01-13,0.88782555792708
2022-01-17,0.5970638738546086
2022-01-18,0.13631428963982728
2022-01-19,0.49701334640683825
2022-01-20,0.1925813486343131
2022-01-24,-1.8653789550580058
2022-01-25,0.468664957753262
2022-01-26,0.6176289733678786
2022-01-27,-0.07512725165366163
2022-01-31,0.7437560900362072
2022-02-01,0.1083939047143545
2022-02-02,-0.8574905187293425
2022-02-03,-0.35689858863925394
2022-02-07,0.9230870429504989
2022-02-08,-0.25059614485769544
2022-02-09,-0.1697803754476368
2022-02-10,0.5279501335092363
2022-02-14,-0.564858043214933
2022-02-15,1.2194615303956269
2022-02-16,1.0733290620969171
2022-02-17,-0.2710382188539029
2022-02-21,0.656578453433454
